"id","latinFamilie","familieSort"
"1","Abeillia","3678"
"2","Abroscopus","8493"
"3","Aburria","147"
"4","Acanthagenys","6372"
"5","Acanthidops","11634"
"6","Acanthisitta","4783"
"7","Acanthiza","6566"
"8","Acanthorhynchus","6429"
"9","Acanthornis","6491"
"10","Accipiter","1322"
"11","Aceros","4286"
"12","Achaetops","8327"
"13","Acridotheres","9294"
"14","Acritillas","8195"
"15","Acrobatornis","6056"
"16","Acrocephalus","8382"
"17","Acropternis","5791"
"18","Acryllium","177"
"19","Actenoides","4082"
"20","Actinodura","8800"
"21","Actitis","1898"
"22","Actophilornis","1825"
"23","Adelomyia","3825"
"24","Aechmophorus","831"
"25","Aechmorhynchus","1903"
"26","Aegithalos","7796"
"27","Aegithina","6806"
"28","Aegolius","3275"
"29","Aegotheles","3466"
"30","Aegypius","1217"
"31","Aenigmatolimnas","1606"
"32","Aepypodius","79"
"33","Aerodramus","3523"
"34","Aeronautes","3559"
"35","Aethia","2104"
"36","Aethopyga","10138"
"37","Afropavo","420"
"38","Afrotis","1463"
"39","Agamia","906"
"40","Agapornis","2690"
"41","Agelaioides","11111"
"42","Agelaius","11127"
"43","Agelastes","169"
"44","Agelasticus","11102"
"45","Aglaeactis","3850"
"46","Aglaiocercus","3942"
"47","Agriornis","5357"
"48","Ailuroedus","6211"
"49","Aimophila","11275"
"50","Aix","513"
"51","Alaemon","7860"
"52","Alauda","7904"
"53","Alca","2086"
"54","Alcedo","4167"
"55","Alcippe","8826"
"56","Aleadryas","6928"
"57","Alectoris","251"
"58","Alectroenas","2431"
"59","Alectrurus","5380"
"60","Alectura","77"
"61","Alethe","9587"
"62","Alisterus","2660"
"63","Alle","2083"
"64","Allenia","9226"
"65","Alopochelidon","7733"
"66","Alopochen","493"
"67","Amadina","10357"
"68","Amalocichla","7576"
"69","Amandava","10419"
"70","Amaurocichla","8404"
"71","Amaurolimnas","1575"
"72","Amaurornis","1586"
"73","Amaurospiza","11744"
"74","Amazilia","3804"
"75","Amazona","2877"
"76","Amazonetta","519"
"77","Amblycercus","11050"
"78","Amblyornis","6218"
"79","Amblyospiza","10208"
"80","Amblyramphus","11099"
"81","Ammodramus","11243"
"82","Ammomanes","7871"
"83","Ammoperdix","253"
"84","Ampeliceps","9279"
"85","Ampelioides","4955"
"86","Ampelion","4932"
"87","Amphilais","8236"
"88","Amphispiza","11260"
"89","Amytornis","6280"
"90","Anabacerthia","6072"
"91","Anabathmis","10026"
"92","Anabazenops","6097"
"93","Anairetes","5070"
"94","Anaplectes","10301"
"95","Anarhynchus","1816"
"96","Anas","582"
"97","Anastomus","845"
"98","Ancistrops","6079"
"99","Andigena","4343"
"100","Androdon","3632"
"101","Andropadus","8146"
"102","Androphobus","6609"
"103","Anhima","422"
"104","Anhinga","1067"
"105","Anisognathus","11470"
"106","Anodorhynchus","2707"
"107","Anomalospiza","10529"
"108","Anopetia","3599"
"109","Anorrhinus","4245"
"110","Anous","2063"
"111","Anser","448"
"112","Anseranas","426"
"113","Anthobaphes","10028"
"114","Anthocephala","3806"
"115","Anthochaera","6376"
"116","Anthornis","6347"
"117","Anthoscopus","7674"
"118","Anthracoceros","4272"
"119","Anthracothorax","3667"
"120","Anthreptes","10018"
"121","Anthropoides","1665"
"122","Anthus","10634"
"123","Antilophia","4872"
"124","Anumbius","6045"
"125","Anurolimnas","1507"
"126","Anurophasis","322"
"127","Apalharpactes","4005"
"128","Apalis","8041"
"129","Apaloderma","4003"
"130","Apalopteron","8994"
"131","Aphanapteryx","1554"
"132","Aphanotriccus","5274"
"133","Aphantochroa","3651"
"134","Aphelocephala","6569"
"135","Aphelocoma","7371"
"136","Aphrastura","5912"
"137","Aphriza","1908"
"138","Aphrodroma","696"
"139","Aplonis","9262"
"140","Aprosmictus","2662"
"141","Aptenodytes","635"
"142","Apteryx","75"
"143","Apus","3587"
"144","Aquila","1415"
"145","Ara","2718"
"146","Arachnoraphis","10149"
"147","Arachnothera","10148"
"148","Aramides","1574"
"149","Aramidopsis","1563"
"150","Aramus","1678"
"151","Aratinga","2755"
"152","Arborophila","351"
"153","Archboldia","6214"
"154","Archilochus","3969"
"155","Ardea","962"
"156","Ardeola","945"
"157","Ardeotis","1445"
"158","Arenaria","1907"
"159","Argusianus","417"
"160","Arremon","11307"
"161","Arremonops","11297"
"162","Arses","7298"
"163","Artamella","6751"
"164","Artamus","6801"
"165","Artisornis","8075"
"166","Arundinicola","5378"
"167","Asacornis","510"
"168","Ashbyia","6475"
"169","Asio","3318"
"170","Aspatha","4185"
"171","Asthenes","5960"
"172","Astrapia","7497"
"173","Atelornis","4072"
"174","Athene","3270"
"175","Atlantisia","1566"
"176","Atlapetes","11351"
"177","Atrichornis","6207"
"178","Attagis","1835"
"179","Atthis","3973"
"180","Atticora","7728"
"181","Attila","5481"
"182","Augastes","3944"
"183","Aulacorhynchus","4316"
"184","Auriparus","7675"
"185","Automolus","6113"
"186","Aviceda","1150"
"187","Avocettula","3668"
"188","Aythya","599"
"189","Babax","8709"
"190","Baeolophus","7659"
"191","Baeopogon","8149"
"192","Balaeniceps","996"
"193","Balearica","1663"
"194","Bambusicola","356"
"195","Bangsia","11457"
"196","Barnardius","2608"
"197","Bartramia","1885"
"198","Baryphthengus","4194"
"199","Basileuterus","11008"
"200","Basilinna","3823"
"201","Basilornis","9271"
"202","Batara","5486"
"203","Bathmocercus","8318"
"204","Batis","6659"
"205","Batrachostomus","3337"
"206","Berenicornis","4281"
"207","Berlepschia","6068"
"208","Bernieria","8406"
"209","Bias","6631"
"210","Biatas","5498"
"211","Biziura","632"
"212","Bleda","8182"
"213","Blythipicus","4711"
"214","Bocagia","6700"
"215","Boissonneaua","3846"
"216","Bolbopsittacus","2886"
"217","Bolborhynchus","2793"
"218","Bombycilla","7587"
"219","Bonasa","215"
"220","Bostrychia","878"
"221","Botaurus","915"
"222","Brachycope","10312"
"223","Brachygalba","4728"
"224","Brachypteracias","4069"
"225","Brachypteryx","9580"
"226","Brachyramphus","2094"
"227","Bradornis","9807"
"228","Bradypterus","8314"
"229","Branta","466"
"230","Brotogeris","2809"
"231","Buarremon","11313"
"232","Bubalornis","10204"
"233","Bubo","3197"
"234","Bubulcus","947"
"235","Bucanestes","10776"
"236","Buccanodon","4423"
"237","Bucco","4752"
"238","Bucephala","616"
"239","Buceros","4275"
"240","Bucorvus","4302"
"241","Buettikoferella","8248"
"242","Bulweria","773"
"243","Buphagus","9362"
"244","Burhinus","1706"
"245","Busarellus","1353"
"246","Butastur","1331"
"247","Buteo","1394"
"248","Buteogallus","1351"
"249","Buthraupis","11463"
"250","Butorides","939"
"251","Bycanistes","4297"
"252","Cacatua","2527"
"253","Cacicus","11048"
"254","Cacomantis","3043"
"255","Cairina","509"
"256","Calamanthus","6498"
"257","Calamonastes","8054"
"258","Calamospiza","11208"
"259","Calandrella","7881"
"260","Calcarius","11205"
"261","Calicalicus","6744"
"262","Calidris","1928"
"263","Callacanthis","10773"
"264","Callaeas","6606"
"265","Callipepla","186"
"266","Calliphlox","3962"
"267","Callocephalon","2514"
"268","Callonetta","520"
"269","Calochaetes","11451"
"270","Calocitta","7361"
"271","Caloenas","2314"
"272","Calonectris","744"
"273","Caloperdix","352"
"274","Calorhamphus","4400"
"275","Calothorax","3965"
"276","Calypte","3971"
"277","Calyptocichla","8147"
"278","Calyptomena","4793"
"279","Calyptophilus","11812"
"280","Calyptorhynchus","2513"
"281","Calyptura","5002"
"282","Camarhynchus","11774"
"283","Camaroptera","8049"
"284","Campephaga","6885"
"285","Campephilus","4681"
"286","Campethera","4553"
"287","Campochaera","6868"
"288","Camptorhynchus","601"
"289","Camptostoma","5055"
"290","Campylopterus","3650"
"291","Campylorhamphus","6201"
"292","Campylorhynchus","9040"
"293","Canirallus","1494"
"294","Capito","4365"
"295","Caprimulgus","3448"
"296","Capsiempis","5080"
"297","Caracara","1085"
"298","Cardellina","10958"
"299","Cardinalis","11833"
"300","Carduelis","10765"
"301","Cariama","1474"
"302","Caridonax","4100"
"303","Carpococcyx","2962"
"304","Carpodacus","10806"
"305","Carpodectes","4989"
"306","Carpornis","4940"
"307","Carpospiza","10186"
"308","Caryothraustes","11835"
"309","Casiornis","5443"
"310","Casuarius","64"
"311","Catamblyrhynchus","11819"
"312","Catamenia","11750"
"313","Cataponera","9427"
"314","Catharopeza","10925"
"315","Cathartes","1071"
"316","Catharus","9463"
"317","Catherpes","9044"
"318","Catoptrophorus","1901"
"319","Catreus","394"
"320","Cecropis","7772"
"321","Celeus","4660"
"322","Centrocercus","226"
"323","Centropus","2959"
"324","Cephalopterus","4997"
"325","Cephalopyrus","7676"
"326","Cepphus","2091"
"327","Ceratogymna","4299"
"328","Cercibis","883"
"329","Cercococcyx","3046"
"330","Cercomacra","5650"
"331","Cercomela","9763"
"332","Cercotrichas","9667"
"333","Cereopsis","437"
"334","Cerorhinca","2105"
"335","Certhia","9188"
"336","Certhiaxis","6024"
"337","Certhidea","11775"
"338","Certhilauda","7854"
"339","Certhionyx","6432"
"340","Ceryle","4176"
"341","Cettia","8286"
"342","Ceuthmochares","2974"
"343","Ceyx","4150"
"344","Chaetocercus","3982"
"345","Chaetops","7583"
"346","Chaetoptila","6286"
"347","Chaetorhynchus","7136"
"348","Chaetornis","8256"
"349","Chaetura","3556"
"350","Chaimarrornis","9695"
"351","Chalcomitra","10043"
"352","Chalcoparia","9998"
"353","Chalcophaps","2232"
"354","Chalcopsitta","2533"
"355","Chalcostigma","3935"
"356","Chalybura","3812"
"357","Chamaea","8676"
"358","Chamaepetes","149"
"359","Chamaethlypis","10950"
"360","Chamaeza","5807"
"361","Charadrius","1811"
"362","Charitospiza","11613"
"363","Charmosyna","2586"
"364","Chasiempis","7242"
"365","Chauna","424"
"366","Chaunoproctus","10808"
"367","Chelictinia","1178"
"368","Chelidoptera","4781"
"369","Chen","453"
"370","Chenonetta","515"
"371","Cheramoeca","7694"
"372","Chersomanes","7858"
"373","Chersophilus","7889"
"374","Chilia","5887"
"375","Chionis","1711"
"376","Chiroxiphia","4877"
"377","Chlamydera","6230"
"378","Chlamydochaera","9573"
"379","Chlamydotis","1447"
"380","Chlidonias","2059"
"381","Chloephaga","499"
"382","Chlorestes","3697"
"383","Chloridops","10844"
"384","Chloroceryle","4171"
"385","Chlorocharis","9006"
"386","Chlorochrysa","11486"
"387","Chlorocichla","8156"
"388","Chloropeta","8393"
"389","Chlorophanes","11566"
"390","Chlorophoneus","6695"
"391","Chlorophonia","10728"
"392","Chloropipo","4881"
"393","Chloropsis","9941"
"394","Chlorornis","11471"
"395","Chlorospingus","11790"
"396","Chlorostilbon","3718"
"397","Chlorothraupis","11380"
"398","Chondestes","11256"
"399","Chondrohierax","1154"
"400","Chordeiles","3360"
"401","Chrysococcyx","3033"
"402","Chrysocolaptes","4706"
"403","Chrysolampis","3673"
"404","Chrysolophus","404"
"405","Chrysomma","8673"
"406","Chrysomus","11104"
"407","Chrysoptilus","4636"
"408","Chrysothlypis","11573"
"409","Chrysuronia","3752"
"410","Chunga","1475"
"411","Cichladusa","9651"
"412","Cichlherminia","9568"
"413","Cichlocolaptes","6098"
"414","Cichlopsis","9446"
"415","Cicinnurus","7516"
"416","Ciconia","852"
"417","Cinclidium","9699"
"418","Cinclocerthia","9229"
"419","Cinclodes","5900"
"420","Cincloramphus","8246"
"421","Cinclosoma","6628"
"422","Cinclus","9928"
"423","Cinnycerthia","9050"
"424","Cinnyricinclus","9339"
"425","Cinnyris","10119"
"426","Circaetus","1223"
"427","Circus","1258"
"428","Ciridops","10869"
"429","Cissa","7394"
"430","Cissopis","11365"
"431","Cistico","7924"
"432","Cisticola","7972"
"433","Cistothorus","9058"
"434","Cittura","4094"
"435","Cladorhynchus","1738"
"436","Clamator","2990"
"437","Clangula","613"
"438","Claravis","2274"
"439","Cleptornis","8993"
"440","Clibanornis","6040"
"441","Climacteris","6241"
"442","Clypicterus","11020"
"443","Clytoceyx","4095"
"444","Clytoctantes","5537"
"445","Clytolaema","3828"
"446","Clytomyias","6264"
"447","Clytorhynchus","7259"
"448","Clytospiza","10373"
"449","Cnemarchus","5370"
"450","Cnemophilus","6587"
"451","Cnemoscopus","11403"
"452","Cnemotriccus","5275"
"453","Cnipodectes","5225"
"454","Coccothraustes","10826"
"455","Coccycua","2993"
"456","Coccyzus","3008"
"457","Cochlearius","909"
"458","Cochoa","9572"
"459","Coeligena","3871"
"460","Coenocorypha","1848"
"461","Coereba","11151"
"462","Colaptes","4646"
"463","Colibri","3659"
"464","Colinus","191"
"465","Colius","3997"
"466","Collocalia","3491"
"467","Colluricincla","7127"
"468","Colonia","5398"
"469","Colorhamphus","5397"
"470","Columba","2167"
"471","Columbina","2271"
"472","Compsospiza","11670"
"473","Compsothraupis","11369"
"474","Conioptilon","4980"
"475","Conirostrum","11588"
"476","Conopias","5413"
"477","Conopophaga","5729"
"478","Conopophila","6427"
"479","Conostoma","8860"
"480","Conothraupis","11367"
"481","Contopus","5299"
"482","Conuropsis","2726"
"483","Copsychus","9676"
"484","Coracias","4063"
"485","Coracina","6867"
"486","Coracopsis","2692"
"487","Coracornis","6927"
"488","Coragyps","1072"
"489","Corapipo","4850"
"490","Corcorax","7475"
"491","Cormobates","6234"
"492","Corvinella","6975"
"493","Corvus","7473"
"494","Corydon","4802"
"495","Coryphaspiza","11615"
"496","Coryphistera","6046"
"497","Coryphospingus","11617"
"498","Corythaeola","2890"
"499","Corythaixoides","2910"
"500","Corythopis","5092"
"501","Coscoroba","467"
"502","Cossypha","9647"
"503","Cossyphicula","9628"
"504","Cotinga","4966"
"505","Coturnicops","1497"
"506","Coturnix","321"
"507","Coua","2972"
"508","Cracticus","6773"
"509","Cranioleuca","6022"
"510","Crateroscelis","6504"
"511","Crax","166"
"512","Creagrus","2019"
"513","Creatophora","9311"
"514","Creurgops","11374"
"515","Crex","1561"
"516","Crinifer","2912"
"517","Criniger","8194"
"518","Crithagra","10687"
"519","Crocias","8835"
"520","Crossleyia","8414"
"521","Crossoptilon","393"
"522","Crotophaga","2917"
"523","Crypsirina","7404"
"524","Cryptillas","8287"
"525","Cryptophaps","2476"
"526","Cryptospiza","10362"
"527","Cryptosylvicola","8407"
"528","Crypturellus","35"
"529","Cuculus","3067"
"530","Culicicapa","9921"
"531","Culicivora","5165"
"532","Curaeus","11098"
"533","Cursorius","1942"
"534","Cutia","8786"
"535","Cyanerpes","11565"
"536","Cyanicterus","11452"
"537","Cyanimitra","10036"
"538","Cyanistes","7653"
"539","Cyanochen","490"
"540","Cyanocitta","7363"
"541","Cyanocompsa","11859"
"542","Cyanocorax","7359"
"543","Cyanolanius","6753"
"544","Cyanolimnas","1607"
"545","Cyanoliseus","2758"
"546","Cyanoloxia","11856"
"547","Cyanolyca","7339"
"548","Cyanomitra","10035"
"549","Cyanophaia","3731"
"550","Cyanopica","7385"
"551","Cyanopsitta","2708"
"552","Cyanoptila","9886"
"553","Cyanoramphus","2604"
"554","Cyclarhis","7019"
"555","Cyclopsitta","2882"
"556","Cygnus","475"
"557","Cymbilaimus","5484"
"558","Cymbirhynchus","4794"
"559","Cynanthus","3730"
"560","Cyornis","9912"
"561","Cyphorhinus","9126"
"562","Cypseloides","3482"
"563","Cypsiurus","3567"
"564","Cypsnagra","11411"
"565","Cyrtonyx","210"
"566","Dacelo","4099"
"567","Dacnis","11561"
"568","Dactylortyx","207"
"569","Damophila","3740"
"570","Daphoenositta","6913"
"571","Daption","684"
"572","Daptrius","1077"
"573","Dasylophus","2985"
"574","Dasyornis","6479"
"575","Deconychura","6142"
"576","Deleornis","10000"
"577","Delichon","7760"
"578","Delothraupis","11474"
"579","Deltarhynchus","5471"
"580","Dendragapus","229"
"581","Dendrexetastes","6148"
"582","Dendrocincla","6139"
"583","Dendrocitta","7402"
"584","Dendrocolaptes","6168"
"585","Dendrocopos","4593"
"586","Dendrocygna","435"
"587","Dendroica","10924"
"588","Dendronanthus","10545"
"589","Dendroperdix","276"
"590","Dendropicos","4569"
"591","Dendrortyx","181"
"592","Deroptyus","2878"
"593","Dicaeum","9996"
"594","Dichrozona","5594"
"595","Dicrurus","7162"
"596","Didunculus","2339"
"597","Diglossa","11606"
"598","Diglossopis","11610"
"599","Dinemellia","10205"
"600","Dinopium","4701"
"601","Diomedea","668"
"602","Diopsittaca","2723"
"603","Dioptrornis","9797"
"604","Diphyllodes","7515"
"605","Discosura","3694"
"606","Diuca","11643"
"607","Dives","11121"
"608","Dolichonyx","11148"
"609","Doliornis","4935"
"610","Dolospingus","11746"
"611","Donacobius","9127"
"612","Donacospiza","11637"
"613","Doricha","3958"
"614","Doryfera","3634"
"615","Drepanis","10872"
"616","Drepanoptila","2426"
"617","Drepanorhynchus","10060"
"618","Drepanornis","7513"
"619","Dreptes","10027"
"620","Dromaeocercus","8237"
"621","Dromaius","68"
"622","Dromas","1727"
"623","Dromococcyx","2920"
"624","Drymocichla","8007"
"625","Drymodes","7574"
"626","Drymophila","5630"
"627","Drymornis","6145"
"628","Dryocopus","4667"
"629","Dryolimnas","1559"
"630","Dryoscopus","6713"
"631","Dryotriorchis","1238"
"632","Dubusia","11473"
"633","Ducula","2472"
"634","Dulus","7594"
"635","Dumetella","9191"
"636","Dumetia","8662"
"637","Dupetor","924"
"638","Dyaphorophyia","6638"
"639","Dysithamnus","5549"
"640","Dysmorodrepanis","10840"
"641","Eclectus","2657"
"642","Ectopistes","2248"
"643","Egretta","982"
"644","Elaenia","5050"
"645","Elanoides","1169"
"646","Elanus","1177"
"647","Elaphrornis","8315"
"648","Electron","4197"
"649","Eleothreptus","3456"
"650","Elminia","8234"
"651","Elseyornis","1814"
"652","Elvira","3721"
"653","Emberiza","11201"
"654","Emberizoides","11689"
"655","Embernagra","11693"
"656","Emblema","10426"
"657","Eminia","8044"
"658","Empidonax","5315"
"659","Empidonomus","5422"
"660","Empidornis","9809"
"661","Enicognathus","2786"
"662","Enicurus","9709"
"663","Enodes","9275"
"664","Ensifera","3872"
"665","Entomodestes","9466"
"666","Entomyzon","6339"
"667","Eolophus","2515"
"668","Eophona","10828"
"669","Eopsaltria","7548"
"670","Eos","2539"
"671","Ephippiorhynchus","855"
"672","Epimachus","7511"
"673","Epthianura","6474"
"674","Eremalauda","7888"
"675","Eremiornis","8247"
"676","Eremobius","5886"
"677","Eremomela","8505"
"678","Eremophila","7914"
"679","Eremopterix","7911"
"680","Ergaticus","10961"
"681","Eriocnemis","3898"
"682","Erithacus","9608"
"683","Erpornis","8858"
"684","Erythrocercus","8232"
"685","Erythrogonys","1769"
"686","Erythrothlypis","11574"
"687","Erythrotriorchis","1324"
"688","Erythrura","10458"
"689","Esacus","1708"
"690","Estrilda","10416"
"691","Euaegotheles","3460"
"692","Eubucco","4369"
"693","Eucometis","11415"
"694","Eudocimus","887"
"695","Eudromia","51"
"696","Eudynamys","3014"
"697","Eudyptes","645"
"698","Eudyptula","649"
"699","Eugenes","3840"
"700","Eugerygone","7561"
"701","Eugralla","5790"
"702","Eulabeornis","1613"
"703","Eulacestoma","6915"
"704","Eulampis","3672"
"705","Eulidia","3975"
"706","Eulipoa","85"
"707","Eumomota","4198"
"708","Eumyias","9891"
"709","Euneornis","11761"
"710","Eunymphicus","2594"
"711","Eupetes","6620"
"712","Eupetomena","3652"
"713","Euphagus","11129"
"714","Eupherusa","3725"
"715","Euphonia","10723"
"716","Euplectes","10336"
"717","Eupodotis","1458"
"718","Euptilotis","4045"
"719","Eurocephalus","6978"
"720","Eurostopodus","3370"
"721","Euryceros","6755"
"722","Eurylaimus","4801"
"723","Eurynorhynchus","1929"
"724","Euryptila","8055"
"725","Eurypyga","1479"
"726","Eurystomus","4067"
"727","Euscarthmus","5094"
"728","Euschistospiza","10377"
"729","Euthlypis","10977"
"730","Eutoxeres","3591"
"731","Eutrichomyias","7218"
"732","Eutriorchis","1239"
"733","Falcipennis","220"
"734","Falco","1142"
"735","Falculea","6750"
"736","Falcunculus","6918"
"737","Ferminia","9061"
"738","Ficedula","9885"
"739","Finschia","6572"
"740","Florisuga","3654"
"741","Fluvicola","5377"
"742","Formicarius","5799"
"743","Formicivora","5621"
"744","Forpus","2800"
"745","Foudia","10311"
"746","Foulehaio","6329"
"747","Francolinus","260"
"748","Fraseria","9794"
"749","Fratercula","2108"
"750","Frederickena","5490"
"751","Fregata","992"
"752","Fregetta","781"
"753","Fregilupus","9313"
"754","Fringilla","10640"
"755","Fulica","1652"
"756","Fulmarus","682"
"757","Furnarius","5909"
"758","Galbalcyrhynchus","4724"
"759","Galbula","4741"
"760","Galerida","7899"
"761","Gallicolumba","2334"
"762","Gallicrex","1616"
"763","Gallinago","1868"
"764","Gallinula","1640"
"765","Gallirallus","1539"
"766","Galloperdix","359"
"767","Gallus","374"
"768","Gampsonyx","1171"
"769","Gampsorhynchus","8793"
"770","Garritornis","6574"
"771","Garrodia","778"
"772","Garrulax","8776"
"773","Garrulus","7383"
"774","Gavia","660"
"775","Gecinulus","4708"
"776","Geobates","5866"
"777","Geobiastes","4070"
"778","Geococcyx","2923"
"779","Geocolaptes","4554"
"780","Geoffroyus","2643"
"781","Geomalia","9378"
"782","Geopelia","2255"
"783","Geophaps","2244"
"784","Geositta","5876"
"785","Geospiza","11768"
"786","Geothlypis","10949"
"787","Geotrygon","2312"
"788","Geranoaetus","1354"
"789","Geranospiza","1335"
"790","Geronticus","871"
"791","Gerygone","6549"
"792","Glareola","1956"
"793","Glaucidium","3265"
"794","Glaucis","3594"
"795","Glossopsitta","2571"
"796","Glycifohia","6404"
"797","Glyciphila","6422"
"798","Glyphorhynchus","6144"
"799","Gnorimopsar","11096"
"800","Goethalsia","3726"
"801","Goldmania","3727"
"802","Gorsachius","928"
"803","Goura","2338"
"804","Gracula","9285"
"805","Grafisia","9358"
"806","Grallaria","5843"
"807","Grallaricula","5864"
"808","Grallina","7300"
"809","Graminicola","8257"
"810","Granatellus","11017"
"811","Grandala","9701"
"812","Grantiella","6417"
"813","Graueria","8494"
"814","Graydidascalus","2834"
"815","Griseotyrannus","5423"
"816","Grus","1676"
"817","Guadalcanaria","6314"
"818","Guarouba","2728"
"819","Gubernatrix","11354"
"820","Gubernetes","5373"
"821","Guira","2914"
"822","Guttera","176"
"823","Gyalophylax","6000"
"824","Gygis","2068"
"825","Gymnobucco","4404"
"826","Gymnocichla","5666"
"827","Gymnocrex","1578"
"828","Gymnoderus","4990"
"829","Gymnoglaux","3174"
"830","Gymnogyps","1074"
"831","Gymnomystax","11089"
"832","Gymnomyza","6332"
"833","Gymnophaps","2479"
"834","Gymnopithys","5704"
"835","Gymnorhina","6778"
"836","Gymnorhinus","7372"
"837","Gymnoris","10191"
"838","Gypaetus","1203"
"839","Gypohierax","1202"
"840","Gyps","1213"
"841","Habia","11807"
"842","Habroptila","1614"
"843","Haematoderus","4992"
"844","Haematopus","1725"
"845","Haematortyx","353"
"846","Haematospiza","10811"
"847","Halcyon","4115"
"848","Haliaeetus","1199"
"849","Haliastur","1191"
"850","Halobaena","688"
"851","Hamirostra","1168"
"852","Hapalopsittaca","2833"
"853","Hapaloptila","4774"
"854","Haplochelidon","7726"
"855","Haplophaedia","3901"
"856","Haplospiza","11633"
"857","Harpactes","4015"
"858","Harpagus","1182"
"859","Harpia","1396"
"860","Harpyhaliaetus","1356"
"861","Harpyopsis","1397"
"862","Hartertula","8408"
"863","Hedydipna","10022"
"864","Heinrichia","9581"
"865","Heleia","9005"
"866","Heliactin","3948"
"867","Heliangelus","3886"
"868","Heliobletus","6123"
"869","Heliodoxa","3837"
"870","Heliolais","8005"
"871","Heliomaster","3953"
"872","Heliopais","1655"
"873","Heliornis","1656"
"874","Heliothryx","3947"
"875","Hellmayrea","6001"
"876","Helmitheros","10929"
"877","Hemicircus","4717"
"878","Hemignathus","10857"
"879","Hemiphaga","2475"
"880","Hemiprocne","3471"
"881","Hemipus","6904"
"882","Hemispingus","11400"
"883","Hemitesia","8260"
"884","Hemithraupis","11572"
"885","Hemitriccus","5190"
"886","Hemixos","8215"
"887","Henicopernis","1156"
"888","Henicophaps","2234"
"889","Henicorhina","9115"
"890","Herpetotheres","1088"
"891","Herpsilochmus","5610"
"892","Hesperiphona","10834"
"893","Heteralocha","7581"
"894","Heterocercus","4885"
"895","Heteroglaux","3271"
"896","Heteromirafra","7844"
"897","Heteromunia","10503"
"898","Heteronetta","624"
"899","Heterophasia","8845"
"900","Heteroscelus","1900"
"901","Heterospingus","11569"
"902","Heteroxolmis","5365"
"903","Hierococcyx","3056"
"904","Hieraaetus","1421"
"905","Himantopus","1779"
"906","Himantornis","1492"
"907","Himatione","10875"
"908","Hippolais","8390"
"909","Hirundapus","3541"
"910","Hirundinea","5269"
"911","Hirundo","7752"
"912","Histrionicus","606"
"913","Histurgops","10155"
"914","Hodgsonius","9692"
"915","Hoploxypterus","1818"
"916","Horizorhinus","8831"
"917","Houbaropsis","1466"
"918","Humblotia","9850"
"919","Hydrobates","783"
"920","Hydrochrous","3486"
"921","Hydrophasianus","1827"
"922","Hydropsalis","3452"
"923","Hylexetastes","6152"
"924","Hylia","8403"
"925","Hyliota","8402"
"926","Hylocharis","3751"
"927","Hylocichla","9464"
"928","Hylocitrea","6926"
"929","Hylocryptus","6115"
"930","Hyloctistes","6081"
"931","Hylomanes","4184"
"932","Hylonympha","3841"
"933","Hylopezus","5852"
"934","Hylophilus","7082"
"935","Hylophylax","5714"
"936","Hylorchilus","9046"
"937","Hymenolaimus","477"
"938","Hymenops","5334"
"939","Hypargos","10375"
"940","Hypergerus","8043"
"941","Hypnelus","4759"
"942","Hypocnemis","5662"
"943","Hypocnemoides","5664"
"944","Hypocolius","7592"
"945","Hypocryptadius","9008"
"946","Hypoedaleus","5485"
"947","Hypogramma","10023"
"948","Hypopyrrhus","11092"
"949","Hypositta","6758"
"950","Hypothymis","7217"
"951","Hypsipetes","8223"
"952","Ibidorhyncha","1729"
"953","Ibycter","1078"
"954","Ichthyophaga","1201"
"955","Icteria","11013"
"956","Icterus","11087"
"957","Ictinaetus","1399"
"958","Ictinia","1184"
"959","Idiopsar","11644"
"960","Ifrita","7480"
"961","Ilicura","4846"
"962","Illadopsis","8580"
"963","Incana","7973"
"964","Incaspiza","11651"
"965","Indicator","4470"
"966","Inezia","5151"
"967","Iodopleura","4908"
"968","Iole","8201"
"969","Irania","9627"
"970","Irediparra","1826"
"971","Irena","9015"
"972","Iridophanes","11567"
"973","Iridosornis","11481"
"974","Ispidina","4145"
"975","Ithaginis","361"
"976","Ixobrychus","923"
"977","Ixonotus","8150"
"978","Ixoreus","9425"
"979","Ixos","8209"
"980","Jabiru","856"
"981","Jabouilleia","8600"
"982","Jacamaralcyon","4729"
"983","Jacamerops","4742"
"984","Jacana","1830"
"985","Jubula","3225"
"986","Junco","11230"
"987","Jynx","4474"
"988","Kakamega","8581"
"989","Kaupifalco","1327"
"990","Kenopia","8607"
"991","Ketupa","3200"
"992","Klais","3675"
"993","Knipolegus","5333"
"994","Kozlowia","10807"
"995","Kupeornis","8830"
"996","Lacedo","4084"
"997","Lafresnaya","3858"
"998","Lagonosticta","10391"
"999","Lagopus","236"
"1000","Lalage","6881"
"1001","Lampornis","3821"
"1002","Lamprolaima","3824"
"1003","Lamprolia","7321"
"1004","Lampropsar","11095"
"1005","Lamprospiza","11368"
"1006","Lamprotornis","9337"
"1007","Laniarius","6733"
"1008","Laniisoma","4910"
"1009","Lanio","11429"
"1010","Laniocera","4905"
"1011","Lanioturdus","6660"
"1012","Lanius","7013"
"1013","Larosterna","2069"
"1014","Larus","2015"
"1015","Laterallus","1519"
"1016","Lathamus","2632"
"1017","Lathrotriccus","5272"
"1018","Latoucheornis","11154"
"1019","Legatus","5401"
"1020","Leiothrix","8784"
"1021","Leipoa","83"
"1022","Lemuresthes","10459"
"1023","Leonardina","8547"
"1024","Lepidocolaptes","6196"
"1025","Lepidopyga","3744"
"1026","Lepidothrix","4864"
"1027","Leptasthenura","5923"
"1028","Leptocoma","10052"
"1029","Leptodon","1152"
"1030","Leptopoecile","7798"
"1031","Leptopogon","5143"
"1032","Leptopterus","6752"
"1033","Leptoptilos","859"
"1034","Leptosittaca","2757"
"1035","Leptosomus","4075"
"1036","Leptotila","2291"
"1037","Lerwa","237"
"1038","Lesbia","3907"
"1039","Lessonia","5319"
"1040","Leucippus","3762"
"1041","Leucocarbo","1062"
"1042","Leucochloris","3753"
"1043","Leuconerpes","4511"
"1044","Leucopeza","10954"
"1045","Leucophaeus","1958"
"1046","Leucopsar","9295"
"1047","Leucopternis","1345"
"1048","Leucosarcia","2247"
"1049","Leucosticte","10772"
"1050","Lewinia","1557"
"1051","Lichenostomus","6313"
"1052","Lichmera","6415"
"1053","Limicola","1930"
"1054","Limnoctites","6044"
"1055","Limnodromus","1871"
"1056","Limnornis","6043"
"1057","Limnothlypis","10930"
"1058","Limosa","1875"
"1059","Linurgus","10692"
"1060","Liocichla","8782"
"1061","Lioptilus","8827"
"1062","Liosceles","5742"
"1063","Lipaugus","4979"
"1064","Lissotis","1465"
"1065","Loboparadisea","6588"
"1066","Lobotos","6887"
"1067","Lochmias","6122"
"1068","Locustella","8337"
"1069","Loddigesia","3949"
"1070","Lonchura","10502"
"1071","Lophaetus","1423"
"1072","Lophodytes","618"
"1073","Lophoictinia","1167"
"1074","Lopholaimus","2473"
"1075","Lophonetta","521"
"1076","Lophophanes","7622"
"1077","Lophophorus","370"
"1078","Lophorina","7505"
"1079","Lophornis","3689"
"1080","Lophospingus","11636"
"1081","Lophostrix","3226"
"1082","Lophotibis","891"
"1083","Lophotis","1461"
"1084","Lophotriccus","5202"
"1085","Lophozosterops","9002"
"1086","Lophura","389"
"1087","Loriculus","2500"
"1088","Lorius","2562"
"1089","Loxia","10816"
"1090","Loxigilla","11760"
"1091","Loxioides","10841"
"1092","Loxipasser","11756"
"1093","Loxops","10868"
"1094","Lullula","7900"
"1095","Lurocalis","3355"
"1096","Luscinia","9621"
"1097","Lybius","4447"
"1098","Lycocorax","7482"
"1099","Lymnocryptes","1849"
"1100","Lyrurus","224"
"1101","Lysurus","11316"
"1102","Macgregoria","6381"
"1103","Machaerirhynchus","6741"
"1104","Machaeropterus","4854"
"1105","Macheiramphus","1170"
"1106","Machetornis","5400"
"1107","Mackenziaena","5488"
"1108","Macroagelaius","11091"
"1109","Macrocephalon","84"
"1110","Macrodipteryx","3450"
"1111","Macronectes","680"
"1112","Macronous","8669"
"1113","Macronyx","10583"
"1114","Macropsalis","3455"
"1115","Macropygia","2217"
"1116","Macrosphenus","8398"
"1117","Madanga","8996"
"1118","Malacocincla","8565"
"1119","Malaconotus","6686"
"1120","Malacopteron","8571"
"1121","Malacoptila","4766"
"1122","Malacorhynchus","507"
"1123","Malcorus","7976"
"1124","Malia","8884"
"1125","Malimbus","10297"
"1126","Malurus","6263"
"1127","Manacus","4870"
"1128","Mandingoa","10358"
"1129","Manorina","6337"
"1130","Manucodia","7486"
"1131","Margaroperdix","308"
"1132","Margarops","9227"
"1133","Margarornis","6060"
"1134","Marmaronetta","583"
"1135","Mascarinus","2485"
"1136","Masius","4847"
"1137","Mayrornis","7254"
"1138","Mearnsia","3527"
"1139","Mecocerculus","5064"
"1140","Megabyas","6630"
"1141","Megaceryle","4175"
"1142","Megacrex","1615"
"1143","Megadyptes","646"
"1144","Megalaima","4399"
"1145","Megalurulus","8255"
"1146","Megalurus","8244"
"1147","Megapodius","104"
"1148","Megarynchus","5420"
"1149","Megascops","3172"
"1150","Megastictus","5534"
"1151","Megatriorchis","1325"
"1152","Megaxenops","6128"
"1153","Megazosterops","9007"
"1154","Meiglyptes","4715"
"1155","Melaenornis","9801"
"1156","Melampitta","7479"
"1157","Melamprosops","10876"
"1158","Melanerpes","4534"
"1159","Melanitta","612"
"1160","Melanocharis","6594"
"1161","Melanochlora","7661"
"1162","Melanocorypha","7867"
"1163","Melanodera","11631"
"1164","Melanodryas","7550"
"1165","Melanopareia","5733"
"1166","Melanoperdix","309"
"1167","Melanoptila","9192"
"1168","Melanospiza","11762"
"1169","Melanotis","9225"
"1170","Meleagris","214"
"1171","Meliarchus","6392"
"1172","Melichneutes","4471"
"1173","Melidectes","6391"
"1174","Melidora","4083"
"1175","Melierax","1263"
"1176","Melignomon","4459"
"1177","Melilestes","6401"
"1178","Meliphaga","6328"
"1179","Melipotes","6380"
"1180","Melithreptus","6346"
"1181","Melitograis","6352"
"1182","Mellisuga","3967"
"1183","Melocichla","8325"
"1184","Melophus","11153"
"1185","Melopsittacus","2633"
"1186","Melopyrrha","11745"
"1187","Melospiza","11212"
"1188","Melozone","11292"
"1189","Menura","6204"
"1190","Merganetta","485"
"1191","Mergellus","617"
"1192","Mergus","623"
"1193","Meropogon","4202"
"1194","Merops","4226"
"1195","Merulaxis","5745"
"1196","Mesembrinibis","884"
"1197","Mesitornis","1471"
"1198","Metabolus","7260"
"1199","Metallura","3930"
"1200","Metopidius","1828"
"1201","Metopothrix","6048"
"1202","Metriopelia","2278"
"1203","Micrastur","1095"
"1204","Micrathene","3267"
"1205","Microbates","9130"
"1206","Microcerculus","9121"
"1207","Microchera","3805"
"1208","Microdynamis","3010"
"1209","Microeca","7560"
"1210","Microgoura","2246"
"1211","Microhierax","1103"
"1212","Microligea","10951"
"1213","Micromacronus","8671"
"1214","Micromonacha","4767"
"1215","Micronisus","1264"
"1216","Microparra","1823"
"1217","Micropsitta","2506"
"1218","Micropygia","1498"
"1219","Microrhopias","5613"
"1220","Microscelis","8212"
"1221","Microstilbon","3963"
"1222","Milvago","1087"
"1223","Milvus","1189"
"1224","Mimizuku","3177"
"1225","Mimodes","9211"
"1226","Mimus","9203"
"1227","Minla","8803"
"1228","Mino","9267"
"1229","Mionectes","5139"
"1230","Mirafra","7841"
"1231","Mitrephanes","5283"
"1232","Mitrospingus","11376"
"1233","Mitu","156"
"1234","Mniotilta","10926"
"1235","Modulatrix","8886"
"1236","Moho","6285"
"1237","Mohoua","6571"
"1238","Molothrus","11117"
"1239","Momotus","4192"
"1240","Monachella","7553"
"1241","Monarcha","7294"
"1242","Monasa","4780"
"1243","Monias","1472"
"1244","Monticola","9788"
"1245","Montifringilla","10194"
"1246","Morococcyx","2921"
"1247","Morphnus","1395"
"1248","Morus","1009"
"1249","Motacilla","10574"
"1250","Moupinia","8675"
"1251","Mulleripicus","4721"
"1252","Muscicapa","9846"
"1253","Muscicapella","9919"
"1254","Muscigralla","5399"
"1255","Muscipipra","5374"
"1256","Muscisaxicola","5352"
"1257","Musophaga","2907"
"1258","Myadestes","9444"
"1259","Mycerobas","10832"
"1260","Mycteria","843"
"1261","Myiagra","7320"
"1262","Myiarchus","5470"
"1263","Myiobius","5256"
"1264","Myioborus","10976"
"1265","Myiodynastes","5419"
"1266","Myiomela","9700"
"1267","Myiopagis","5026"
"1268","Myioparus","9848"
"1269","Myiophobus","5162"
"1270","Myiopsitta","2788"
"1271","Myiornis","5194"
"1272","Myiotheretes","5369"
"1273","Myiotriccus","5163"
"1274","Myiozetetes","5407"
"1275","Myophonus","9377"
"1276","Myornis","5746"
"1277","Myospiza","11246"
"1278","Myrmeciza","5695"
"1279","Myrmecocichla","9770"
"1280","Myrmia","3976"
"1281","Myrmoborus","5658"
"1282","Myrmochanes","5665"
"1283","Myrmorchilus","5595"
"1284","Myrmornis","5697"
"1285","Myrmothera","5854"
"1286","Myrmotherula","5593"
"1287","Myrtis","3974"
"1288","Mystacornis","6764"
"1289","Myza","6400"
"1290","Myzomela","6465"
"1291","Myzornis","8883"
"1292","Namibornis","9668"
"1293","Nandayus","2756"
"1294","Nannopsittaca","2811"
"1295","Napothera","8617"
"1296","Nasica","6146"
"1297","Neafrapus","3536"
"1298","Necropsar","9312"
"1299","Necrosyrtes","1205"
"1300","Nectarinia","10059"
"1301","Nemosia","11372"
"1302","Neochelidon","7729"
"1303","Neochen","494"
"1304","Neochmia","10436"
"1305","Neocichla","9360"
"1306","Neocossyphus","9365"
"1307","Neocrex","1609"
"1308","Neoctantes","5535"
"1309","Neodrepanis","4808"
"1310","Neolalage","7255"
"1311","Neolestes","8225"
"1312","Neomixis","8059"
"1313","Neomorphus","2928"
"1314","Neopelma","5263"
"1315","Neophema","2631"
"1316","Neophron","1204"
"1317","Neopipo","5258"
"1318","Neopsephotus","2625"
"1319","Neopsittacus","2589"
"1320","Neospiza","10691"
"1321","Neothraupis","11483"
"1322","Neotis","1452"
"1323","Neoxolmis","5372"
"1324","Nephelornis","11412"
"1325","Nesasio","3312"
"1326","Nesillas","8324"
"1327","Nesocharis","10350"
"1328","Nesocichla","9567"
"1329","Nesoclopeus","1521"
"1330","Nesoctites","4510"
"1331","Nesoenas","2190"
"1332","Nesofregetta","782"
"1333","Nesomimus","9209"
"1334","Nesopsar","11088"
"1335","Nesospingus","11808"
"1336","Nesospiza","11640"
"1337","Nesotriccus","5083"
"1338","Nestor","2483"
"1339","Netta","587"
"1340","Nettapus","518"
"1341","Newtonia","6762"
"1342","Nicator","8228"
"1343","Nigrita","10347"
"1344","Nilaus","6738"
"1345","Niltava","9918"
"1346","Ninox","3307"
"1347","Nipponia","872"
"1348","Nomonyx","625"
"1349","Nonnula","4773"
"1350","Northiella","2619"
"1351","Notharchus","4748"
"1352","Nothocercus","9"
"1353","Nothocrax","152"
"1354","Nothoprocta","43"
"1355","Nothura","48"
"1356","Notiochelidon","7725"
"1357","Notiomystis","6287"
"1358","Nucifraga","7419"
"1359","Numenius","1884"
"1360","Numida","172"
"1361","Nyctanassa","936"
"1362","Nyctibius","3351"
"1363","Nycticorax","934"
"1364","Nycticryphes","1821"
"1365","Nyctidromus","3372"
"1366","Nyctiphrynus","3379"
"1367","Nyctiprogne","3362"
"1368","Nyctyornis","4201"
"1369","Nymphicus","2528"
"1370","Nystalus","4757"
"1371","Oceanites","777"
"1372","Oceanodroma","798"
"1373","Ochthoeca","5396"
"1374","Ochthornis","5335"
"1375","Ocreatus","3905"
"1376","Oculocincta","9003"
"1377","Ocyalus","11034"
"1378","Ocyceros","4266"
"1379","Ocyphaps","2238"
"1380","Odontophorus","206"
"1381","Odontorchilus","9042"
"1382","Oedistoma","6597"
"1383","Oena","2228"
"1384","Oenanthe","9754"
"1385","Ognorhynchus","2727"
"1386","Oligura","8261"
"1387","Oncostoma","5196"
"1388","Onychognathus","9353"
"1389","Onychorhynchus","5250"
"1390","Onychostruthus","10195"
"1391","Ophrysia","360"
"1392","Opisthocomus","2888"
"1393","Opisthoprora","3936"
"1394","Oporornis","10937"
"1395","Orchesticus","11362"
"1396","Oreocharis","6600"
"1397","Oreoica","7134"
"1398","Oreomanes","11589"
"1399","Oreomystis","10859"
"1400","Oreonympha","3912"
"1401","Oreophasis","151"
"1402","Oreophilais","8004"
"1403","Oreopholus","1815"
"1404","Oreophylax","5932"
"1405","Oreopsittacus","2587"
"1406","Oreornis","6315"
"1407","Oreortyx","182"
"1408","Oreoscoptes","9210"
"1409","Oreoscopus","6501"
"1410","Oreostruthus","10430"
"1411","Oreothraupis","11612"
"1412","Oreotrochilus","3857"
"1413","Origma","6492"
"1414","Oriolia","6746"
"1415","Oriolus","7115"
"1416","Oriturus","11277"
"1417","Ornithion","5053"
"1418","Oroaetus","1439"
"1419","Ortalis","122"
"1420","Orthogonys","11381"
"1421","Orthonyx","6584"
"1422","Orthopsittaca","2719"
"1423","Orthorhyncus","3674"
"1424","Orthotomus","8073"
"1425","Ortygospiza","10425"
"1426","Ortyxelos","1698"
"1427","Oryzoborus","11740"
"1428","Otidiphaps","2335"
"1429","Otis","1441"
"1430","Otus","3143"
"1431","Oxylabes","8405"
"1432","Oxypogon","3916"
"1433","Oxyruncus","4954"
"1434","Oxyura","631"
"1435","Pachycare","6924"
"1436","Pachycephala","6973"
"1437","Pachycephalopsis","7552"
"1438","Pachycoccyx","3009"
"1439","Pachyptila","695"
"1440","Pachyramphus","4923"
"1441","Pagodroma","687"
"1442","Pagophila","2016"
"1443","Palmeria","10873"
"1444","Pandion","1145"
"1445","Panterpe","3719"
"1446","Panurus","8859"
"1447","Panyptila","3564"
"1448","Papasula","1010"
"1449","Parabuteo","1352"
"1450","Paradigalla","7492"
"1451","Paradisaea","7525"
"1452","Paradoxornis","8881"
"1453","Paramythia","6602"
"1454","Pardalotus","6488"
"1455","Pardirallus","1612"
"1456","Parisoma","8545"
"1457","Parkerthraustes","11836"
"1458","Parmoptila","10340"
"1459","Paroaria","11360"
"1460","Parophasma","8832"
"1461","Paroreomyza","10864"
"1462","Parotia","7503"
"1463","Parula","10891"
"1464","Parus","7648"
"1465","Passer","10185"
"1466","Passerculus","11234"
"1467","Passerella","11209"
"1468","Passerina","11868"
"1469","Patagioenas","2187"
"1470","Patagona","3874"
"1471","Pauxi","158"
"1472","Pavo","419"
"1473","Pedionomus","1832"
"1474","Pelagodroma","779"
"1475","Pelargopsis","4103"
"1476","Pelecanoides","805"
"1477","Pelecanus","1005"
"1478","Peliperdix","264"
"1479","Pellorneum","8555"
"1480","Peltops","6787"
"1481","Penelope","138"
"1482","Penelopides","4280"
"1483","Penelopina","150"
"1484","Peneoenanthe","7540"
"1485","Peneothello","7538"
"1486","Percnostola","5671"
"1487","Perdicula","326"
"1488","Perdix","305"
"1489","Pericrocotus","6902"
"1490","Periparus","7620"
"1491","Periporphyrus","11838"
"1492","Perisoreus","7330"
"1493","Perissocephalus","4994"
"1494","Permivora","10878"
"1495","Pernis","1166"
"1496","Petrochelidon","7785"
"1497","Petroica","7572"
"1498","Petronia","10187"
"1499","Petrophassa","2250"
"1500","Peucedramus","10636"
"1501","Pezopetes","11314"
"1502","Pezophaps","2130"
"1503","Pezoporus","2635"
"1504","Phacellodomus","6039"
"1505","Phacelloromus","6034"
"1506","Phaenicophaeus","2983"
"1507","Phaenicophilus","11810"
"1508","Phaenostictus","5719"
"1509","Phaeomyias","5079"
"1510","Phaeothlypis","11010"
"1511","Phaethon","986"
"1512","Phaethornis","3631"
"1513","Phaetusa","2060"
"1514","Phainopepla","7591"
"1515","Phainoptila","7588"
"1516","Phalacrocorax","1036"
"1517","Phalaenoptilus","3373"
"1518","Phalaropus","1935"
"1519","Phalcoboenus","1082"
"1520","Phapitreron","2342"
"1521","Phaps","2237"
"1522","Pharomachrus","4050"
"1523","Phasianus","402"
"1524","Phedina","7696"
"1525","Phegornis","1817"
"1526","Phelpsia","5402"
"1527","Pheucticus","11829"
"1528","Phibalura","4930"
"1529","Phigys","2563"
"1530","Philemon","6370"
"1531","Philentoma","6669"
"1532","Philepitta","4806"
"1533","Philesturnus","6607"
"1534","Philetairus","10158"
"1535","Philohydor","5409"
"1536","Philomachus","1932"
"1537","Philortyx","187"
"1538","Philydor","6095"
"1539","Phimosus","885"
"1540","Phlegopsis","5717"
"1541","Phleocryptes","6042"
"1542","Phlogophilus","3827"
"1543","Phlogothraupis","11430"
"1544","Phodilus","3090"
"1545","Phoebastria","665"
"1546","Phoebetria","670"
"1547","Phoenicircus","4959"
"1548","Phoenicopterus","838"
"1549","Phoeniculus","4238"
"1550","Phoenicurus","9691"
"1551","Pholia","9357"
"1552","Pholidornis","8506"
"1553","Phonygammus","7490"
"1554","Phragmacia","8003"
"1555","Phrygilus","11629"
"1556","Phylidonyris","6421"
"1557","Phyllanthus","8833"
"1558","Phyllastrephus","8178"
"1559","Phyllolais","8009"
"1560","Phyllomyias","5018"
"1561","Phylloscartes","5134"
"1562","Phylloscopus","8478"
"1563","Phytotoma","4938"
"1564","Piaya","2995"
"1565","Pica","7409"
"1566","Picathartes","7579"
"1567","Picoides","4607"
"1568","Piculus","4631"
"1569","Picumnus","4506"
"1570","Picus","4697"
"1571","Piezorhina","11645"
"1572","Pilherodius","963"
"1573","Pinarocorys","7856"
"1574","Pinaroloxias","11776"
"1575","Pinarornis","9776"
"1576","Pinguinus","2087"
"1577","Pinicola","10810"
"1578","Pionites","2821"
"1579","Pionopsitta","2829"
"1580","Pionus","2842"
"1581","Pipile","146"
"1582","Pipilo","11288"
"1583","Pipra","4895"
"1584","Pipraeidea","11482"
"1585","Pipreola","4953"
"1586","Piprites","5001"
"1587","Piranga","11801"
"1588","Pitangus","5408"
"1589","Pithecophaga","1398"
"1590","Pithys","5699"
"1591","Pitohui","7133"
"1592","Pitta","4844"
"1593","Pittasoma","5809"
"1594","Pityriasis","6788"
"1595","Platalea","897"
"1596","Platycercus","2616"
"1597","Platycichla","9468"
"1598","Platylophus","7326"
"1599","Platypsaris","4928"
"1600","Platyrinchus","5245"
"1601","Platysmurus","7327"
"1602","Platysteira","6664"
"1603","Plectorhyncha","6371"
"1604","Plectrophenax","11207"
"1605","Plectropterus","486"
"1606","Plegadis","890"
"1607","Plocepasser","10154"
"1608","Ploceus","10287"
"1609","Pluvialis","1773"
"1610","Pluvianellus","1712"
"1611","Pluvianus","1937"
"1612","Pnoepyga","8621"
"1613","Podager","3363"
"1614","Podargus","3324"
"1615","Podica","1654"
"1616","Podiceps","829"
"1617","Podilymbus","813"
"1618","Podoces","7414"
"1619","Poecile","7612"
"1620","Poecilodryas","7534"
"1621","Poecilotriccus","5215"
"1622","Poeoptera","9356"
"1623","Poephila","10440"
"1624","Pogoniulus","4422"
"1625","Pogonocichla","9589"
"1626","Pogonotriccus","5117"
"1627","Poicephalus","2704"
"1628","Polemaetus","1422"
"1629","Polihierax","1098"
"1630","Poliocephalus","819"
"1631","Poliolais","8076"
"1632","Polioptila","9151"
"1633","Polioxolmis","5371"
"1634","Polyboroides","1260"
"1635","Polyonymus","3909"
"1636","Polyplectron","412"
"1637","Polysticta","600"
"1638","Polystictus","5082"
"1639","Polytelis","2665"
"1640","Polytmus","3756"
"1641","Pomarea","7251"
"1642","Pomatorhinus","8597"
"1643","Pomatostomus","6579"
"1644","Pooecetes","11255"
"1645","Poospiza","11667"
"1646","Poospizopsis","11668"
"1647","Popelairia","3693"
"1648","Porphyrio","1630"
"1649","Porphyrolaema","4983"
"1650","Porphyrospiza","11278"
"1651","Porzana","1605"
"1652","Premnoplex","6054"
"1653","Premnornis","6051"
"1654","Primolius","2722"
"1655","Prinia","8000"
"1656","Prioniturus","2652"
"1657","Prionochilus","9948"
"1658","Prionodura","6219"
"1659","Prionops","6680"
"1660","Priotelus","4017"
"1661","Probosciger","2507"
"1662","Procellaria","740"
"1663","Procelsterna","2065"
"1664","Procnias","4970"
"1665","Prodotiscus","4457"
"1666","Progne","7720"
"1667","Promerops","8889"
"1668","Prosobonia","1905"
"1669","Prosopeia","2592"
"1670","Prosthemadera","6348"
"1671","Protonotaria","10928"
"1672","Prunella","10543"
"1673","Psalidoprocne","7692"
"1674","Psaltria","7799"
"1675","Psaltriparus","7802"
"1676","Psarisomus","4795"
"1677","Psarocolius","11033"
"1678","Pselliophorus","11353"
"1679","Psephotus","2624"
"1680","Pseudalaemon","7890"
"1681","Pseudelaenia","5095"
"1682","Pseudeos","2540"
"1683","Pseudhirundo","7693"
"1684","Pseudibis","869"
"1685","Pseudoalcippe","8582"
"1686","Pseudobias","6763"
"1687","Pseudobulweria","735"
"1688","Pseudocalyptomena","4803"
"1689","Pseudochelidon","7679"
"1690","Pseudocolaptes","6067"
"1691","Pseudocolopteryx","5087"
"1692","Pseudocossyphus","9792"
"1693","Pseudoleistes","11107"
"1694","Pseudonestor","10845"
"1695","Pseudonigrita","10157"
"1696","Pseudoscops","3311"
"1697","Pseudoseisura","6064"
"1698","Pseudotriccus","5090"
"1699","Psilopogon","4372"
"1700","Psilopsiagon","2790"
"1701","Psilorhamphus","5743"
"1702","Psittacella","2639"
"1703","Psittacula","2681"
"1704","Psittaculirostris","2885"
"1705","Psittacus","2693"
"1706","Psitteuteles","2556"
"1707","Psittinus","2640"
"1708","Psittirostra","10839"
"1709","Psittrichas","2486"
"1710","Psophia","1660"
"1711","Psophocichla","9470"
"1712","Psophodes","6615"
"1713","Pteridophora","7504"
"1714","Pternistis","302"
"1715","Pterocles","2126"
"1716","Pterocnemia","60"
"1717","Pterodroma","730"
"1718","Pteroglossus","4332"
"1719","Pteronetta","511"
"1720","Pterophanes","3873"
"1721","Pteroptochos","5737"
"1722","Pteruthius","8791"
"1723","Ptilinopus","2425"
"1724","Ptilocichla","8606"
"1725","Ptilogonys","7590"
"1726","Ptilonorhynchus","6224"
"1727","Ptilopachus","255"
"1728","Ptiloprora","6398"
"1729","Ptilopsis","3176"
"1730","Ptiloris","7509"
"1731","Ptilorrhoa","6619"
"1732","Ptilostomus","7422"
"1733","Ptychoramphus","2100"
"1734","Ptyonoprogne","7757"
"1735","Ptyrticus","8583"
"1736","Pucrasia","367"
"1737","Puffinus","770"
"1738","Pulsatrix","3229"
"1739","Purpureicephalus","2605"
"1740","Pycnonotus","8125"
"1741","Pycnoptilus","6490"
"1742","Pycnopygius","6351"
"1743","Pygarrhichas","6129"
"1744","Pygiptila","5554"
"1745","Pygoscelis","638"
"1746","Pyrenestes","10368"
"1747","Pyrgilauda","10199"
"1748","Pyriglena","5653"
"1749","Pyrocephalus","5317"
"1750","Pyroderus","4993"
"1751","Pyrrhocoma","11410"
"1752","Pyrrhocorax","7421"
"1753","Pyrrholaemus","6500"
"1754","Pyrrhomyias","5267"
"1755","Pyrrhoplectes","10835"
"1756","Pyrrhula","10825"
"1757","Pyrrhura","2784"
"1758","Pyrroglaux","3173"
"1759","Pytilia","10355"
"1760","Quelea","10304"
"1761","Querula","4991"
"1762","Quiscalus","11138"
"1763","Rallina","1506"
"1764","Rallus","1552"
"1765","Ramphastos","4355"
"1766","Ramphocaenus","9133"
"1767","Ramphocelus","11439"
"1768","Ramphocinclus","9223"
"1769","Ramphocoris","7861"
"1770","Ramphodon","3589"
"1771","Ramphomicron","3911"
"1772","Ramphotrigon","5474"
"1773","Ramsayornis","6424"
"1774","Randia","8415"
"1775","Raphus","2129"
"1776","Recurvirostra","1742"
"1777","Regulus","9023"
"1778","Reinwardtipicus","4712"
"1779","Reinwardtoena","2220"
"1780","Remiz","7666"
"1781","Rhabdornis","9233"
"1782","Rhagologus","6925"
"1783","Rhamphocharis","6595"
"1784","Rhamphococcyx","2977"
"1785","Rhaphidura","3534"
"1786","Rhea","58"
"1787","Rhegmatorhina","5709"
"1788","Rheinardia","415"
"1789","Rhinocrypta","5740"
"1790","Rhinomyias","9820"
"1791","Rhinoplax","4276"
"1792","Rhinopomastus","4241"
"1793","Rhinoptilus","1946"
"1794","Rhinortha","2973"
"1795","Rhipidura","7211"
"1796","Rhizothera","307"
"1797","Rhodacanthis","10843"
"1798","Rhodinocichla","11818"
"1799","Rhodonessa","584"
"1800","Rhodopechys","10774"
"1801","Rhodophoneus","6698"
"1802","Rhodopis","3954"
"1803","Rhodospingus","11618"
"1804","Rhodospiza","10777"
"1805","Rhodostethia","2017"
"1806","Rhodothraupis","11837"
"1807","Rhopocichla","8663"
"1808","Rhopophilus","7975"
"1809","Rhopornis","5654"
"1810","Rhyacornis","9694"
"1811","Rhynchocyclus","5229"
"1812","Rhynchopsitta","2725"
"1813","Rhynchortyx","211"
"1814","Rhynchostruthus","10694"
"1815","Rhynchotus","37"
"1816","Rhynochetos","1477"
"1817","Rhyticeros","4291"
"1818","Rhytipterna","5439"
"1819","Ridgwayia","9426"
"1820","Rimator","8603"
"1821","Riparia","7701"
"1822","Rissa","2021"
"1823","Rollandia","817"
"1824","Rollulus","354"
"1825","Roraimia","6055"
"1826","Rostratula","1820"
"1827","Rostrhamus","1180"
"1828","Rougetius","1562"
"1829","Rowettia","11638"
"1830","Rukia","8992"
"1831","Rupicola","4957"
"1832","Ruwenzorornis","2905"
"1833","Rynchops","2072"
"1834","Sagittarius","1144"
"1835","Sakesphorus","5497"
"1836","Salpinctes","9043"
"1837","Salpornis","9189"
"1838","Saltator","11855"
"1839","Saltatricula","11614"
"1840","Salvadorina","508"
"1841","Sapheopipo","4709"
"1842","Sappho","3908"
"1843","Sarcogyps","1214"
"1844","Sarcops","9272"
"1845","Sarcoramphus","1073"
"1846","Sarkidiornis","489"
"1847","Saroglossa","9278"
"1848","Sarothrura","1490"
"1849","Sasia","4509"
"1850","Satrapa","5336"
"1851","Saxicola","9727"
"1852","Saxicoloides","9680"
"1853","Sayornis","5281"
"1854","Scardafella","2264"
"1855","Sceloglaux","3309"
"1856","Scelorchilus","5739"
"1857","Scenopoeetes","6212"
"1858","Schetba","6754"
"1859","Schiffornis","4903"
"1860","Schistes","3945"
"1861","Schistochlamys","11364"
"1862","Schistocichla","5674"
"1863","Schistolais","8002"
"1864","Schizoeaca","5931"
"1865","Schoenicola","8259"
"1866","Schoeniophylax","5961"
"1867","Schoutedenapus","3525"
"1868","Scissirostrum","9276"
"1869","Sclateria","5667"
"1870","Scleroptila","274"
"1871","Sclerurus","6121"
"1872","Scolopax","1846"
"1873","Scopus","994"
"1874","Scotocerca","7974"
"1875","Scotopelia","3203"
"1876","Scytalopus","5789"
"1877","Scythrops","3016"
"1878","Seicercus","8489"
"1879","Seiurus","10933"
"1880","Selasphorus","3991"
"1881","Selenidera","4339"
"1882","Seleucidis","7518"
"1883","Semioptera","7517"
"1884","Semnornis","4371"
"1885","Sephanoides","3876"
"1886","Sericornis","6519"
"1887","Sericossypha","11370"
"1888","Sericulus","6223"
"1889","Serilophus","4797"
"1890","Serinus","10690"
"1891","Serpophaga","5077"
"1892","Setophaga","10927"
"1893","Setornis","8196"
"1894","Sheppardia","9605"
"1895","Sialia","9430"
"1896","Sicalis","11686"
"1897","Sigelus","9808"
"1898","Simoxenops","6078"
"1899","Siphonorhis","3375"
"1900","Sipodotus","6243"
"1901","Siptornis","6047"
"1902","Siptornopsis","5999"
"1903","Sirystes","5441"
"1904","Sitta","9179"
"1905","Sittasomus","6143"
"1906","Skutchia","5718"
"1907","Smicrornis","6521"
"1908","Smithornis","4790"
"1909","Snowornis","4982"
"1910","Somateria","605"
"1911","Spartonoica","6041"
"1912","Speculanas","522"
"1913","Speculipastor","9359"
"1914","Speirops","9012"
"1915","Spelaeornis","8629"
"1916","Spermophaga","10372"
"1917","Sphecotheres","7088"
"1918","Spheniscus","653"
"1919","Sphenocichla","8631"
"1920","Sphenoeacus","8326"
"1921","Sphyrapicus","4538"
"1922","Spiloptila","8008"
"1923","Spilornis","1237"
"1924","Spindalis","11817"
"1925","Spizaetus","1437"
"1926","Spizella","11254"
"1927","Spiziapteryx","1096"
"1928","Spizixos","8079"
"1929","Spizocorys","7886"
"1930","Sporophila","11733"
"1931","Sporopipes","10207"
"1932","Spreo","9342"
"1933","Stachyris","8660"
"1934","Stactolaema","4410"
"1935","Stagonopleura","10429"
"1936","Starnoenas","2313"
"1937","Steatornis","3339"
"1938","Stelgidopteryx","7732"
"1939","Stellula","3992"
"1940","Stenostira","9849"
"1941","Stephanoaetus","1438"
"1942","Stephanophorus","11475"
"1943","Stephanoxis","3677"
"1944","Stercorarius","2081"
"1945","Sterna","2056"
"1946","Sternoclyta","3842"
"1947","Stictonetta","476"
"1948","Stigmatura","5099"
"1949","Stiltia","1947"
"1950","Stiphrornis","9594"
"1951","Stipiturus","6267"
"1952","Stizorhina","9367"
"1953","Strepera","6785"
"1954","Streptocitta","9274"
"1955","Streptopelia","2206"
"1956","Streptoprocne","3485"
"1957","Stresemannia","6402"
"1958","Strigops","2484"
"1959","Strix","3224"
"1960","Struthidea","7476"
"1961","Struthio","56"
"1962","Sturnella","11146"
"1963","Sturnus","9310"
"1964","Stymphalornis","5622"
"1965","Sublegatus","5147"
"1966","Suiriri","5058"
"1967","Sula","1016"
"1968","Surnia","3230"
"1969","Surniculus","3048"
"1970","Swynnertonia","9590"
"1971","Sylvia","8540"
"1972","Sylvietta","8518"
"1973","Sylviorthorhynchus","5910"
"1974","Sylviparus","7660"
"1975","Syma","4142"
"1976","Synallaxis","5998"
"1977","Syndactyla","6076"
"1978","Synthliboramphus","2099"
"1979","Sypheotides","1467"
"1980","Syrigma","964"
"1981","Syrmaticus","399"
"1982","Syrrhaptes","2111"
"1983","Taccocua","2975"
"1984","Tachornis","3562"
"1985","Tachuris","5164"
"1986","Tachybaptus","811"
"1987","Tachycineta","7710"
"1988","Tachyeres","481"
"1989","Tachymarptis","3569"
"1990","Tachyphonus","11425"
"1991","Tadorna","506"
"1992","Taeniopygia","10445"
"1993","Taeniotriccus","5216"
"1994","Talegalla","82"
"1995","Tangara","11550"
"1996","Tanygnathus","2656"
"1997","Tanysiptera","4093"
"1998","Taoniscus","49"
"1999","Tapera","2918"
"2000","Taphrolesbia","3937"
"2001","Taphrospilus","3763"
"2002","Taraba","5491"
"2003","Tarsiger","9626"
"2004","Tauraco","2904"
"2005","Tchagra","6706"
"2006","Telacanthura","3532"
"2007","Teledromas","5741"
"2008","Telespiza","10838"
"2009","Telophorus","6696"
"2010","Temnurus","7405"
"2011","Tephrodornis","6667"
"2012","Tephrozosterops","8995"
"2013","Terathopius","1224"
"2014","Terenotriccus","5257"
"2015","Terenura","5637"
"2016","Teretistris","10953"
"2017","Terpsiphone","7241"
"2018","Tersina","11551"
"2019","Tesia","8265"
"2020","Tetrao","222"
"2021","Tetraogallus","244"
"2022","Tetraophasis","239"
"2023","Tetrastes","217"
"2024","Tetrax","1468"
"2025","Thalassarche","677"
"2026","Thalassoica","683"
"2027","Thalassornis","436"
"2028","Thalurania","3739"
"2029","Thamnistes","5540"
"2030","Thamnolaea","9775"
"2031","Thamnomanes","5553"
"2032","Thamnophilus","5533"
"2033","Thamnornis","8409"
"2034","Thapsinillas","8211"
"2035","Thaumastura","3955"
"2036","Theristicus","882"
"2037","Thescelocichla","8157"
"2038","Thinocorus","1837"
"2039","Thinornis","1813"
"2040","Thlypopsis","11409"
"2041","Thraupis","11450"
"2042","Threnetes","3598"
"2043","Threskiornis","866"
"2044","Thripadectes","6105"
"2045","Thripophaga","6028"
"2046","Thryomanes","9060"
"2047","Thryorchilus","9110"
"2048","Thryothorus","9094"
"2049","Tiaris","11755"
"2050","Tichodroma","9180"
"2051","Tickellia","8490"
"2052","Tigriornis","900"
"2053","Tigrisoma","905"
"2054","Tijuca","4972"
"2055","Tilmatura","3956"
"2056","Timalia","8672"
"2057","Timeliopsis","6470"
"2058","Tinamotis","53"
"2059","Tinamus","6"
"2060","Tityra","4899"
"2061","Tmetothylacus","10575"
"2062","Tockus","4262"
"2063","Todirhamphus","4140"
"2064","Todirostrum","5223"
"2065","Todus","4182"
"2066","Tolmomyias","5236"
"2067","Topaza","3670"
"2068","Torreornis","11276"
"2069","Touit","2819"
"2070","Toxorhamphus","6599"
"2071","Toxostoma","9222"
"2072","Trachyphonus","4453"
"2073","Tragopan","366"
"2074","Tregallasia","7543"
"2075","Tregellasia","7542"
"2076","Treron","2371"
"2077","Trichastoma","8558"
"2078","Trichixos","9677"
"2079","Trichodere","6416"
"2080","Trichoglossus","2553"
"2081","Tricholaema","4431"
"2082","Tricholestes","8197"
"2083","Trichothraupis","11413"
"2084","Triclaria","2879"
"2085","Tringa","1895"
"2086","Trochilus","3696"
"2087","Trochocercus","7223"
"2088","Troglodytes","9109"
"2089","Trogon","4044"
"2090","Tropicranus","4263"
"2091","Trugon","2245"
"2092","Tryngites","1931"
"2093","Tumbezia","5381"
"2094","Turacoena","2222"
"2095","Turdoides","8706"
"2096","Turdus","9566"
"2097","Turnagra","6921"
"2098","Turnix","1697"
"2099","Turtur","2227"
"2100","Tylas","6756"
"2101","Tympanuchus","232"
"2102","Tyranneutes","5265"
"2103","Tyrannopsis","5421"
"2104","Tyrannulus","5019"
"2105","Tyrannus","5436"
"2106","Tyto","3088"
"2107","Upucerthia","5885"
"2108","Upupa","4231"
"2109","Uraeginthus","10396"
"2110","Uragus","10778"
"2111","Uratelornis","4073"
"2112","Uria","2085"
"2113","Urochroa","3843"
"2114","Urocissa","7390"
"2115","Urocolius","3999"
"2116","Urocynchramus","10779"
"2117","Urodynamis","3015"
"2118","Uroglaux","3308"
"2119","Urolais","8006"
"2120","Urolestes","6976"
"2121","Uromyias","5072"
"2122","Uropelia","2279"
"2123","Uropsalis","3454"
"2124","Uropsila","9111"
"2125","Urorhipis","8042"
"2126","Urosphena","8268"
"2127","Urosticte","3903"
"2128","Urothraupis","11611"
"2129","Urotriorchis","1326"
"2130","Vanellus","1768"
"2131","Vanga","6745"
"2132","Veles","3371"
"2133","Veniliornis","4620"
"2134","Vermivora","10886"
"2135","Vestiaria","10870"
"2136","Vidua","10528"
"2137","Vini","2568"
"2138","Vireo","7061"
"2139","Vireolanius","7023"
"2140","Volatinia","11694"
"2141","Vultur","1075"
"2142","Wetmorethraupis","11458"
"2143","WHISTLERS","6923"
"2144","Wilsonia","10957"
"2145","Woodfordia","8990"
"2146","Xanthocephalus","11147"
"2147","Xanthomixis","8413"
"2148","Xanthomyza","6377"
"2149","Xanthopsar","11105"
"2150","Xanthotis","6291"
"2151","Xema","2018"
"2152","Xenerpestes","6050"
"2153","Xenicus","4786"
"2154","Xenocopsychus","9648"
"2155","Xenodacnis","11575"
"2156","Xenoglaux","3266"
"2157","Xenoligea","11018"
"2158","Xenoperdix","328"
"2159","Xenopipo","4882"
"2160","Xenopirostris","6749"
"2161","Xenops","6127"
"2162","Xenopsaris","4911"
"2163","Xenornis","5538"
"2164","Xenospingus","11646"
"2165","Xenospiza","11244"
"2166","Xenotriccus","5277"
"2167","Xenus","1896"
"2168","Xiphidiopicus","4539"
"2169","Xiphirhynchus","8598"
"2170","Xiphocolaptes","6161"
"2171","Xipholena","4986"
"2172","Xiphorhynchus","6188"
"2173","Xolmis","5364"
"2174","Yuhina","8857"
"2175","Zanclostomus","2976"
"2176","Zaratornis","4933"
"2177","Zarhynchus","11021"
"2178","Zavattariornis","7410"
"2179","Zebrilus","910"
"2180","Zeledonia","11012"
"2181","Zenaida","2262"
"2182","Zimmerius","5110"
"2183","Zonerodius","899"
"2184","Zonotrichia","11217"
"2185","Zoonavena","3530"
"2186","Zoothera","9424"
"2187","Zosterops","8988"
