"id","brgrId","lokationId","dato","vindretning","vindstyrke","precipitation","cloud","temp","tid","bem"
"1","1","1","2010-06-19",,"0",,,"0",,
"2","1","1","1960-01-01",,"0",,,"0",,
"3","1","1","2005-05-01",,"0",,,"0",,
"4","1","1","2006-03-22",,"0",,,"0",,
"5","1","2","1960-01-01",,"0",,,"0",,
"6","1","3","2005-01-02",,"0",,,"0",,
"7","1","3","2009-09-14",,"0",,,"0",,
"8","1","3","2001-01-02",,"0",,,"0",,
"9","1","3","2001-01-01",,"0",,,"0",,
"10","1","3","2003-04-12",,"0",,,"0",,
"11","1","3","2003-01-05",,"0",,,"0",,
"12","1","3","2010-03-05",,"0",,,"0",,
"13","1","3","2002-03-04",,"0",,,"0",,
"14","1","3","2005-02-04",,"0",,,"0",,
"15","1","3","2008-03-08",,"0",,,"0",,
"16","1","3","2008-03-10",,"0",,,"0",,
"17","1","3","2010-03-01",,"0",,,"0",,
"18","1","3","2002-01-06",,"0",,,"0",,
"19","1","3","2008-01-29",,"0",,,"0",,
"20","1","3","2008-04-03",,"0",,,"0",,
"21","1","3","2008-05-23",,"0",,,"0",,
"22","1","3","2001-05-26",,"0",,,"0",,
"23","1","3","2009-03-25",,"0",,,"0",,
"24","1","3","2006-01-02",,"0",,,"0",,
"25","1","3","2007-05-15",,"0",,,"0",,
"26","1","3","2006-11-26",,"0",,,"0",,
"27","1","3","2003-02-02",,"0",,,"0",,
"28","1","3","2004-01-15",,"0",,,"0",,
"29","1","3","2005-01-28",,"0",,,"0",,
"30","1","3","2007-01-16",,"0",,,"0",,
"31","1","3","2008-01-14",,"0",,,"0",,
"32","1","3","2008-01-15",,"0",,,"0",,
"33","1","3","2011-03-14",,"0",,,"0",,
"34","1","3","2001-05-20",,"0",,,"0",,
"35","1","3","2007-05-19",,"0",,,"0",,
"36","1","3","2009-04-19",,"0",,,"0",,
"37","1","3","2005-03-18",,"0",,,"0",,
"38","1","3","2001-04-30",,"0",,,"0",,
"39","1","3","2005-02-03",,"0",,,"0",,
"40","1","3","2007-11-10",,"0",,,"0",,
"41","1","3","2001-03-01",,"0",,,"0",,
"42","1","3","2010-05-27",,"0",,,"0",,
"43","1","3","2001-05-01",,"0",,,"0",,
"44","1","3","2005-04-25",,"0",,,"0",,
"45","1","3","2004-10-04",,"0",,,"0",,
"46","1","3","2005-04-11",,"0",,,"0",,
"47","1","3","2010-03-26",,"0",,,"0",,
"48","1","3","2002-02-01",,"0",,,"0",,
"49","1","3","2002-01-03",,"0",,,"0",,
"50","1","3","2005-03-04",,"0",,,"0",,
"51","1","3","2008-01-09",,"0",,,"0",,
"52","1","3","2004-10-26",,"0",,,"0",,
"53","1","3","2008-03-31",,"0",,,"0",,
"54","1","3","2005-04-06",,"0",,,"0",,
"55","1","3","2004-11-26",,"0",,,"0",,
"56","1","3","2005-01-14",,"0",,,"0",,
"57","1","3","2011-02-25",,"0",,,"0",,
"58","1","3","2011-01-03",,"0",,,"0",,
"59","1","3","2005-01-12",,"0",,,"0",,
"60","1","3","2012-01-09",,"0",,,"0",,
"61","1","3","2002-04-12",,"0",,,"0",,
"62","1","3","2005-03-03",,"0",,,"0",,
"63","1","3","2005-03-16",,"0",,,"0",,
"64","1","3","2011-03-07",,"0",,,"0",,
"65","1","3","2002-02-04",,"0",,,"0",,
"66","1","3","2004-11-14",,"0",,,"0",,
"67","1","3","2002-01-11",,"0",,,"0",,
"68","1","3","2006-01-03",,"0",,,"0",,
"69","1","3","2008-10-30",,"0",,,"0",,
"70","1","3","2001-10-14",,"0",,,"0",,
"71","1","3","2004-11-15",,"0",,,"0",,
"72","1","3","2005-11-26",,"0",,,"0",,
"73","1","3","2002-01-01",,"0",,,"0",,
"74","1","3","2003-01-01",,"0",,,"0",,
"75","1","3","1960-01-01",,"0",,,"0",,
"76","1","4","2001-01-01",,"0",,,"0",,
"77","1","5","2001-01-01",,"0",,,"0",,
"78","1","5","2003-01-02",,"0",,,"0",,
"79","1","6","2002-01-13",,"0",,,"0",,
"80","1","6","2008-06-11",,"0",,,"0",,
"81","1","6","2006-06-10",,"0",,,"0",,
"82","1","6","2012-02-18",,"0",,,"0",,
"83","1","6","2004-09-17",,"0",,,"0",,
"84","1","6","2008-05-16",,"0",,,"0",,
"85","1","6","2009-05-04",,"0",,,"0",,
"86","1","6","2012-02-13",,"0",,,"0",,
"87","1","6","2009-01-09",,"0",,,"0",,
"88","1","6","2010-05-27",,"0",,,"0",,
"89","1","6","2009-04-17",,"0",,,"0",,
"90","1","6","2002-01-06",,"0",,,"0",,
"91","1","7","2001-03-11",,"0",,,"0",,
"92","1","7","2006-01-08",,"0",,,"0",,
"93","1","7","2004-01-01",,"0",,,"0",,
"94","1","7","2008-01-10",,"0",,,"0",,
"95","1","7","2004-02-17",,"0",,,"0",,
"96","1","7","2008-09-29",,"0",,,"0",,
"97","1","7","2004-01-02",,"0",,,"0",,
"98","1","7","2004-04-28",,"0",,,"0",,
"99","1","7","2002-04-29",,"0",,,"0",,
"100","1","7","2006-04-22",,"0",,,"0",,
"101","1","7","2008-04-19",,"0",,,"0",,
"102","1","7","2002-04-14",,"0",,,"0",,
"103","1","8","2001-03-11",,"0",,,"0",,
"104","1","9","2001-06-01",,"0",,,"0",,
"105","1","9","2002-03-18",,"0",,,"0",,
"106","1","9","2003-12-12",,"0",,,"0",,
"107","1","9","2004-01-26",,"0",,,"0",,
"108","1","9","2005-01-21",,"0",,,"0",,
"109","1","9","2001-05-24",,"0",,,"0",,
"110","1","9","2001-03-11",,"0",,,"0",,
"111","1","9","2004-03-04",,"0",,,"0",,
"112","1","10","2002-02-03",,"0",,,"0",,
"113","1","10","2004-01-01",,"0",,,"0",,
"114","1","10","2009-07-26",,"0",,,"0",,
"115","1","10","2009-03-07",,"0",,,"0",,
"116","1","10","2003-01-10",,"0",,,"0",,
"117","1","10","2004-01-02",,"0",,,"0",,
"118","1","10","2004-12-26",,"0",,,"0",,
"119","1","10","2005-01-02",,"0",,,"0",,
"120","1","10","2006-01-08",,"0",,,"0",,
"121","1","10","2006-11-10",,"0",,,"0",,
"122","1","10","2007-01-19",,"0",,,"0",,
"123","1","10","2007-01-27",,"0",,,"0",,
"124","1","10","2008-01-10",,"0",,,"0",,
"125","1","10","2010-02-28",,"0",,,"0",,
"126","1","10","2010-12-19",,"0",,,"0",,
"127","1","10","2011-01-02",,"0",,,"0",,
"128","1","10","2004-07-25",,"0",,,"0",,
"129","1","10","2004-07-30",,"0",,,"0",,
"130","1","10","2004-09-01",,"0",,,"0",,
"131","1","10","2004-09-29",,"0",,,"0",,
"132","1","10","2004-09-30",,"0",,,"0",,
"133","1","10","2009-07-19",,"0",,,"0",,
"134","1","10","2009-07-20",,"0",,,"0",,
"135","1","10","2009-07-25",,"0",,,"0",,
"136","1","10","2009-07-28",,"0",,,"0",,
"137","1","10","2009-08-03",,"0",,,"0",,
"138","1","10","2009-08-14",,"0",,,"0",,
"139","1","10","2009-08-21",,"0",,,"0",,
"140","1","10","2009-08-22",,"0",,,"0",,
"141","1","10","2009-08-30",,"0",,,"0",,
"142","1","10","2010-02-20",,"0",,,"0",,
"143","1","10","2010-06-12",,"0",,,"0",,
"144","1","10","2010-08-09",,"0",,,"0",,
"145","1","10","2010-10-08",,"0",,,"0",,
"146","1","10","2010-10-13",,"0",,,"0",,
"147","1","10","2011-02-11",,"0",,,"0",,
"148","1","10","2003-01-01",,"0",,,"0",,
"149","1","10","2002-01-01",,"0",,,"0",,
"150","1","10","2003-12-13",,"0",,,"0",,
"151","1","10","2004-07-23",,"0",,,"0",,
"152","1","10","2008-02-17",,"0",,,"0",,
"153","1","10","2011-06-27",,"0",,,"0",,
"154","1","10","2002-05-21",,"0",,,"0",,
"155","1","10","2003-10-06",,"0",,,"0",,
"156","1","10","2004-10-06",,"0",,,"0",,
"157","1","10","2004-10-25",,"0",,,"0",,
"158","1","10","2002-04-22",,"0",,,"0",,
"159","1","10","2003-12-12",,"0",,,"0",,
"160","1","10","2002-01-28",,"0",,,"0",,
"161","1","10","2004-02-09",,"0",,,"0",,
"162","1","10","2011-07-27",,"0",,,"0",,
"163","1","10","2004-04-15",,"0",,,"0",,
"164","1","10","2006-05-02",,"0",,,"0",,
"165","1","10","2002-03-01",,"0",,,"0",,
"166","1","10","1980-06-01",,"0",,,"0",,
"167","1","10","2001-04-01",,"0",,,"0",,
"168","1","10","2002-02-15",,"0",,,"0",,
"169","1","10","2011-07-14",,"0",,,"0",,
"170","1","10","2003-01-13",,"0",,,"0",,
"171","1","10","2002-02-04",,"0",,,"0",,
"172","1","10","2004-04-25",,"0",,,"0",,
"173","1","10","2011-09-04",,"0",,,"0",,
"174","1","10","2012-01-27",,"0",,,"0",,
"175","1","10","2001-03-14",,"0",,,"0",,
"176","1","10","2004-09-16",,"0",,,"0",,
"177","1","10","2001-03-11",,"0",,,"0",,
"178","1","10","2003-04-01",,"0",,,"0",,
"179","1","10","2002-03-28",,"0",,,"0",,
"180","1","10","2004-08-25",,"0",,,"0",,
"181","1","10","2004-08-31",,"0",,,"0",,
"182","1","10","2004-03-01",,"0",,,"0",,
"183","1","10","2005-04-30",,"0",,,"0",,
"184","1","10","2008-03-02",,"0",,,"0",,
"185","1","10","2004-08-24",,"0",,,"0",,
"186","1","10","2001-07-30",,"0",,,"0",,
"187","1","10","2003-07-18",,"0",,,"0",,
"188","1","10","2003-02-15",,"0",,,"0",,
"189","1","10","2004-08-19",,"0",,,"0",,
"190","1","10","2009-07-18",,"0",,,"0",,
"191","1","10","2003-07-29",,"0",,,"0",,
"192","1","10","2002-04-14",,"0",,,"0",,
"193","1","10","2003-07-30",,"0",,,"0",,
"194","1","10","2004-04-30",,"0",,,"0",,
"195","1","10","2001-05-07",,"0",,,"0",,
"196","1","10","2002-05-17",,"0",,,"0",,
"197","1","10","2002-03-26",,"0",,,"0",,
"198","1","10","2008-09-06",,"0",,,"0",,
"199","1","10","2001-06-06",,"0",,,"0",,
"200","1","10","2002-04-30",,"0",,,"0",,
"201","1","10","2004-05-18",,"0",,,"0",,
"202","1","10","2001-06-11",,"0",,,"0",,
"203","1","10","2004-10-07",,"0",,,"0",,
"204","1","10","2002-12-27",,"0",,,"0",,
"205","1","10","2003-10-20",,"0",,,"0",,
"206","1","10","2006-06-20",,"0",,,"0",,
"207","1","10","2008-02-03",,"0",,,"0",,
"208","1","10","2003-10-09",,"0",,,"0",,
"209","1","10","2004-09-22",,"0",,,"0",,
"210","1","10","2004-09-27",,"0",,,"0",,
"211","1","10","2006-04-20",,"0",,,"0",,
"212","1","10","2002-03-11",,"0",,,"0",,
"213","1","10","2006-01-01",,"0",,,"0",,
"214","1","10","2002-04-10",,"0",,,"0",,
"215","1","10","2001-10-29",,"0",,,"0",,
"216","1","10","2003-03-14",,"0",,,"0",,
"217","1","10","2004-02-08",,"0",,,"0",,
"218","1","10","2006-12-20",,"0",,,"0",,
"219","1","10","2003-05-28",,"0",,,"0",,
"220","1","10","2001-04-27",,"0",,,"0",,
"221","1","10","2003-12-14",,"0",,,"0",,
"222","1","10","2003-04-02",,"0",,,"0",,
"223","1","10","2003-01-17",,"0",,,"0",,
"224","1","10","2008-10-07",,"0",,,"0",,
"225","1","10","2003-03-13",,"0",,,"0",,
"226","1","10","2004-03-17",,"0",,,"0",,
"227","1","10","2001-04-26",,"0",,,"0",,
"228","1","10","2003-03-28",,"0",,,"0",,
"229","1","11","2001-03-27",,"0",,,"0",,
"230","1","11","1960-01-01",,"0",,,"0",,
"231","1","12","2007-09-09",,"0",,,"0",,
"232","1","12","2009-08-22",,"0",,,"0",,
"233","1","12","2002-02-12",,"0",,,"0",,
"234","1","12","2001-01-28",,"0",,,"0",,
"235","1","12","2002-02-24",,"0",,,"0",,
"236","1","12","2003-08-23",,"0",,,"0",,
"237","1","12","2004-10-31",,"0",,,"0",,
"238","1","12","1960-01-01",,"0",,,"0",,
"239","1","13","2011-11-11",,"0",,,"0",,
"240","1","13","2012-01-15",,"0",,,"0",,
"241","1","13","2007-10-25",,"0",,,"0",,
"242","1","14","2001-04-09",,"0",,,"0",,
"243","1","14","2001-04-05",,"0",,,"0",,
"244","1","14","2001-04-07",,"0",,,"0",,
"245","1","15","2005-11-19",,"0",,,"0",,
"246","1","15","2005-11-20",,"0",,,"0",,
"247","1","15","2001-04-14",,"0",,,"0",,
"248","1","15","2005-10-08",,"0",,,"0",,
"249","1","15","2005-05-07",,"0",,,"0",,
"250","1","15","2005-11-18",,"0",,,"0",,
"251","1","15","1960-01-01",,"0",,,"0",,
"252","1","16","2001-04-23",,"0",,,"0",,
"253","1","16","2004-05-02",,"0",,,"0",,
"254","1","16","2007-03-24",,"0",,,"0",,
"255","1","16","2006-04-22",,"0",,,"0",,
"256","1","16","1960-01-01",,"0",,,"0",,
"257","1","16","2001-04-20",,"0",,,"0",,
"258","1","16","2006-05-17",,"0",,,"0",,
"259","1","16","2007-04-10",,"0",,,"0",,
"260","1","16","2002-01-27",,"0",,,"0",,
"261","1","16","2001-05-01",,"0",,,"0",,
"262","1","16","2001-04-24",,"0",,,"0",,
"263","1","16","2002-10-21",,"0",,,"0",,
"264","1","16","2009-01-18",,"0",,,"0",,
"265","1","16","2001-04-30",,"0",,,"0",,
"266","1","16","2001-04-28",,"0",,,"0",,
"267","1","16","2002-04-29",,"0",,,"0",,
"268","1","16","2002-04-22",,"0",,,"0",,
"269","1","16","2001-04-29",,"0",,,"0",,
"270","1","16","2008-09-26",,"0",,,"0",,
"271","1","16","2002-05-06",,"0",,,"0",,
"272","1","16","2002-05-09",,"0",,,"0",,
"273","1","17","2012-01-11",,"0",,,"0",,
"274","1","17","2006-01-03",,"0",,,"0",,
"275","1","17","2002-01-10",,"0",,,"0",,
"276","1","17","2008-12-26",,"0",,,"0",,
"277","1","17","2011-03-19",,"0",,,"0",,
"278","1","17","2002-01-16",,"0",,,"0",,
"279","1","17","2008-10-15",,"0",,,"0",,
"280","1","17","1989-02-07",,"0",,,"0",,
"281","1","17","2008-02-12",,"0",,,"0",,
"282","1","17","2005-01-13",,"0",,,"0",,
"283","1","17","2009-05-11",,"0",,,"0",,
"284","1","17","2007-02-09",,"0",,,"0",,
"285","1","17","2011-02-08",,"0",,,"0",,
"286","1","17","2008-04-25",,"0",,,"0",,
"287","1","17","2009-06-04",,"0",,,"0",,
"288","1","17","2011-02-22",,"0",,,"0",,
"289","1","17","2007-01-30",,"0",,,"0",,
"290","1","18","1960-01-01",,"0",,,"0",,
"291","1","18","2002-05-06",,"0",,,"0",,
"292","1","18","2001-06-14",,"0",,,"0",,
"293","1","18","2002-06-13",,"0",,,"0",,
"294","1","18","2008-06-07",,"0",,,"0",,
"295","1","18","2001-06-06",,"0",,,"0",,
"296","1","18","2001-05-07",,"0",,,"0",,
"297","1","18","2004-02-16",,"0",,,"0",,
"298","1","18","2001-05-21",,"0",,,"0",,
"299","1","18","2002-10-18",,"0",,,"0",,
"300","1","18","2005-05-23",,"0",,,"0",,
"301","1","18","2001-05-14",,"0",,,"0",,
"302","1","18","2006-04-23",,"0",,,"0",,
"303","1","19","2001-05-24",,"0",,,"0",,
"304","1","19","2003-05-10",,"0",,,"0",,
"305","1","19","2001-05-20",,"0",,,"0",,
"306","1","19","2007-01-05",,"0",,,"0",,
"307","1","20","2001-06-05",,"0",,,"0",,
"308","1","21","2002-04-15",,"0",,,"0",,
"309","1","22","2010-04-15",,"0",,,"0",,
"310","1","22","2008-01-01",,"0",,,"0",,
"311","1","22","2005-01-16",,"0",,,"0",,
"312","1","22","2001-10-08",,"0",,,"0",,
"313","1","22","2006-08-01",,"0",,,"0",,
"314","1","22","2002-07-21",,"0",,,"0",,
"315","1","22","2005-05-20",,"0",,,"0",,
"316","1","22","2003-09-19",,"0",,,"0",,
"317","1","22","2005-07-24",,"0",,,"0",,
"318","1","22","2002-09-09",,"0",,,"0",,
"319","1","22","2002-04-14",,"0",,,"0",,
"320","1","22","2002-08-26",,"0",,,"0",,
"321","1","22","2002-10-07",,"0",,,"0",,
"322","1","22","2002-08-23",,"0",,,"0",,
"323","1","22","2003-06-29",,"0",,,"0",,
"324","1","23","2001-06-18",,"0",,,"0",,
"325","1","23","1960-01-01",,"0",,,"0",,
"326","1","23","2002-05-31",,"0",,,"0",,
"327","1","24","2001-07-13",,"0",,,"0",,
"328","1","24","2001-07-10",,"0",,,"0",,
"329","1","24","2001-07-12",,"0",,,"0",,
"330","1","25","2001-07-23",,"0",,,"0",,
"331","1","25","2001-07-24",,"0",,,"0",,
"332","1","26","2004-09-03",,"0",,,"0",,
"333","1","26","2001-07-30",,"0",,,"0",,
"334","1","26","2002-07-26",,"0",,,"0",,
"335","1","26","1981-09-08",,"0",,,"0",,
"336","1","26","1960-01-01",,"0",,,"0",,
"337","1","26","1982-08-20",,"0",,,"0",,
"338","1","27","2001-11-05",,"0",,,"0",,
"339","1","27","2002-11-01",,"0",,,"0",,
"340","1","27","2004-02-17",,"0",,,"0",,
"341","1","27","2004-09-24",,"0",,,"0",,
"342","1","27","2005-05-23",,"0",,,"0",,
"343","1","27","2005-11-18",,"0",,,"0",,
"344","1","27","2007-01-05",,"0",,,"0",,
"345","1","27","2009-10-09",,"0",,,"0",,
"346","1","27","2005-01-21",,"0",,,"0",,
"347","1","27","2009-10-02",,"0",,,"0",,
"348","1","27","2010-10-26",,"0",,,"0",,
"349","1","27","2007-02-03",,"0",,,"0",,
"350","1","27","2002-09-20",,"0",,,"0",,
"351","1","27","2001-08-27",,"0",,,"0",,
"352","1","27","2003-05-09",,"0",,,"0",,
"353","1","27","2003-08-15",,"0",,,"0",,
"354","1","27","2003-12-12",,"0",,,"0",,
"355","1","27","2004-11-05",,"0",,,"0",,
"356","1","27","2004-11-13",,"0",,,"0",,
"357","1","27","2006-05-03",,"0",,,"0",,
"358","1","27","2004-09-06",,"0",,,"0",,
"359","1","27","2010-04-26",,"0",,,"0",,
"360","1","27","2001-11-19",,"0",,,"0",,
"361","1","27","2002-10-21",,"0",,,"0",,
"362","1","27","2003-05-17",,"0",,,"0",,
"363","1","27","2004-01-01",,"0",,,"0",,
"364","1","27","2004-05-24",,"0",,,"0",,
"365","1","27","2004-10-18",,"0",,,"0",,
"366","1","27","2008-04-11",,"0",,,"0",,
"367","1","27","2001-08-13",,"0",,,"0",,
"368","1","27","2003-04-21",,"0",,,"0",,
"369","1","27","2004-05-01",,"0",,,"0",,
"370","1","27","2006-04-22",,"0",,,"0",,
"371","1","27","2005-05-01",,"0",,,"0",,
"372","1","27","2002-05-20",,"0",,,"0",,
"373","1","27","2006-04-23",,"0",,,"0",,
"374","1","27","2004-04-30",,"0",,,"0",,
"375","1","27","2001-08-28",,"0",,,"0",,
"376","1","27","2003-01-10",,"0",,,"0",,
"377","1","27","1960-01-01",,"0",,,"0",,
"378","1","27","2001-11-03",,"0",,,"0",,
"379","1","27","2002-06-10",,"0",,,"0",,
"380","1","27","2001-05-06",,"0",,,"0",,
"381","1","27","2004-05-02",,"0",,,"0",,
"382","1","27","2002-05-27",,"0",,,"0",,
"383","1","28","2004-05-02",,"0",,,"0",,
"384","1","28","2005-05-01",,"0",,,"0",,
"385","1","28","2008-04-11",,"0",,,"0",,
"386","1","28","2003-03-28",,"0",,,"0",,
"387","1","28","2004-04-15",,"0",,,"0",,
"388","1","28","2008-03-09",,"0",,,"0",,
"389","1","28","2011-09-11",,"0",,,"0",,
"390","1","28","2004-04-23",,"0",,,"0",,
"391","1","28","2002-03-28",,"0",,,"0",,
"392","1","28","2002-02-18",,"0",,,"0",,
"393","1","28","2007-02-09",,"0",,,"0",,
"394","1","28","2004-02-17",,"0",,,"0",,
"395","1","28","2001-06-01",,"0",,,"0",,
"396","1","28","2003-05-17",,"0",,,"0",,
"397","1","28","2006-04-23",,"0",,,"0",,
"398","1","28","2003-06-25",,"0",,,"0",,
"399","1","28","2002-04-21",,"0",,,"0",,
"400","1","28","2002-04-14",,"0",,,"0",,
"401","1","28","2003-11-21",,"0",,,"0",,
"402","1","28","2001-05-14",,"0",,,"0",,
"403","1","28","2001-05-07",,"0",,,"0",,
"404","1","28","2001-08-13",,"0",,,"0",,
"405","1","28","2002-05-06",,"0",,,"0",,
"406","1","29","2001-10-19",,"0",,,"0",,
"407","1","29","2011-04-12",,"0",,,"0",,
"408","1","29","2011-08-26",,"0",,,"0",,
"409","1","29","1982-08-20",,"0",,,"0",,
"410","1","29","2004-10-07",,"0",,,"0",,
"411","1","30","2008-04-24",,"0",,,"0",,
"412","1","30","2002-05-31",,"0",,,"0",,
"413","1","30","2002-05-17",,"0",,,"0",,
"414","1","30","2002-09-09",,"0",,,"0",,
"415","1","30","1984-05-01",,"0",,,"0",,
"416","1","31","1978-01-01",,"0",,,"0",,
"417","1","31","1960-01-01",,"0",,,"0",,
"418","1","32","2005-10-15",,"0",,,"0",,
"419","1","32","1977-04-21",,"0",,,"0",,
"420","1","32","1960-01-01",,"0",,,"0",,
"421","1","33","2008-05-01",,"0",,,"0",,
"422","1","33","2010-01-01",,"0",,,"0",,
"423","1","33","2010-03-06",,"0",,,"0",,
"424","1","33","2010-04-01",,"0",,,"0",,
"425","1","33","2010-05-23",,"0",,,"0",,
"426","1","33","2007-01-01",,"0",,,"0",,
"427","1","33","2008-03-09",,"0",,,"0",,
"428","1","33","2009-01-25",,"0",,,"0",,
"429","1","33","2003-12-31",,"0",,,"0",,
"430","1","33","2006-02-07",,"0",,,"0",,
"431","1","33","2004-01-01",,"0",,,"0",,
"432","1","33","2008-01-10",,"0",,,"0",,
"433","1","33","2009-06-21",,"0",,,"0",,
"434","1","33","2002-01-01",,"0",,,"0",,
"435","1","33","2009-06-23",,"0",,,"0",,
"436","1","33","2009-06-06",,"0",,,"0",,
"437","1","33","2008-08-24",,"0",,,"0",,
"438","1","34","2006-11-03",,"0",,,"0",,
"439","1","34","2011-10-12",,"0",,,"0",,
"440","1","34","2006-11-02",,"0",,,"0",,
"441","1","34","2010-03-13",,"0",,,"0",,
"442","1","34","2007-08-25",,"0",,,"0",,
"443","1","34","2006-04-28",,"0",,,"0",,
"444","1","34","2004-07-07",,"0",,,"0",,
"445","1","34","2002-06-05",,"0",,,"0",,
"446","1","34","2006-06-10",,"0",,,"0",,
"447","1","34","2006-04-29",,"0",,,"0",,
"448","1","34","2006-04-30",,"0",,,"0",,
"449","1","35","2002-01-01",,"0",,,"0",,
"450","1","35","2004-09-23",,"0",,,"0",,
"451","1","35","2003-06-13",,"0",,,"0",,
"452","1","35","2002-01-02",,"0",,,"0",,
"453","1","36","2002-02-04",,"0",,,"0",,
"454","1","36","2005-04-30",,"0",,,"0",,
"455","1","36","2006-05-02",,"0",,,"0",,
"456","1","36","2002-03-11",,"0",,,"0",,
"457","1","36","2008-04-23",,"0",,,"0",,
"458","1","36","2006-01-28",,"0",,,"0",,
"459","1","36","2005-01-14",,"0",,,"0",,
"460","1","36","2002-02-15",,"0",,,"0",,
"461","1","37","2005-01-02",,"0",,,"0",,
"462","1","37","2007-02-09",,"0",,,"0",,
"463","1","37","2007-06-23",,"0",,,"0",,
"464","1","37","2007-01-06",,"0",,,"0",,
"465","1","37","2002-02-15",,"0",,,"0",,
"466","1","37","2010-02-20",,"0",,,"0",,
"467","1","37","2006-05-02",,"0",,,"0",,
"468","1","37","2006-01-08",,"0",,,"0",,
"469","1","37","2001-04-01",,"0",,,"0",,
"470","1","37","2003-01-01",,"0",,,"0",,
"471","1","37","2004-01-02",,"0",,,"0",,
"472","1","37","2004-12-26",,"0",,,"0",,
"473","1","37","2006-01-01",,"0",,,"0",,
"474","1","37","2006-02-10",,"0",,,"0",,
"475","1","37","2006-12-20",,"0",,,"0",,
"476","1","37","2007-06-19",,"0",,,"0",,
"477","1","37","2002-03-01",,"0",,,"0",,
"478","1","37","2004-04-28",,"0",,,"0",,
"479","1","37","2011-06-11",,"0",,,"0",,
"480","1","37","2007-06-18",,"0",,,"0",,
"481","1","37","2002-05-21",,"0",,,"0",,
"482","1","37","2002-02-04",,"0",,,"0",,
"483","1","38","2002-03-28",,"0",,,"0",,
"484","1","38","2003-01-17",,"0",,,"0",,
"485","1","39","2008-04-12",,"0",,,"0",,
"486","1","39","2005-01-21",,"0",,,"0",,
"487","1","39","2001-03-01",,"0",,,"0",,
"488","1","39","2002-04-07",,"0",,,"0",,
"489","1","39","2003-06-12",,"0",,,"0",,
"490","1","39","2004-06-09",,"0",,,"0",,
"491","1","40","2002-04-12",,"0",,,"0",,
"492","1","41","2005-05-01",,"0",,,"0",,
"493","1","41","2004-06-22",,"0",,,"0",,
"494","1","41","2004-04-21",,"0",,,"0",,
"495","1","41","2002-04-29",,"0",,,"0",,
"496","1","41","2005-05-22",,"0",,,"0",,
"497","1","41","2004-02-17",,"0",,,"0",,
"498","1","42","2002-05-03",,"0",,,"0",,
"499","1","42","2002-04-03",,"0",,,"0",,
"500","1","43","2008-05-08",,"0",,,"0",,
"501","1","43","2002-05-17",,"0",,,"0",,
"502","1","43","2005-03-28",,"0",,,"0",,
"503","1","43","2003-05-29",,"0",,,"0",,
"504","1","43","2004-04-17",,"0",,,"0",,
"505","1","44","2002-05-01",,"0",,,"0",,
"506","1","44","2003-03-16",,"0",,,"0",,
"507","1","44","2004-03-29",,"0",,,"0",,
"508","1","44","2004-09-28",,"0",,,"0",,
"509","1","44","2004-11-01",,"0",,,"0",,
"510","1","44","2003-06-07",,"0",,,"0",,
"511","1","44","2004-02-13",,"0",,,"0",,
"512","1","44","2004-06-27",,"0",,,"0",,
"513","1","44","2004-04-06",,"0",,,"0",,
"514","1","44","2003-03-29",,"0",,,"0",,
"515","1","44","2003-11-01",,"0",,,"0",,
"516","1","44","2004-03-02",,"0",,,"0",,
"517","1","44","2004-03-31",,"0",,,"0",,
"518","1","44","2003-08-13",,"0",,,"0",,
"519","1","44","2002-09-28",,"0",,,"0",,
"520","1","44","2003-04-15",,"0",,,"0",,
"521","1","44","2004-03-30",,"0",,,"0",,
"522","1","44","2003-01-01",,"0",,,"0",,
"523","1","44","2004-01-10",,"0",,,"0",,
"524","1","44","2003-11-13",,"0",,,"0",,
"525","1","44","2004-01-02",,"0",,,"0",,
"526","1","44","2004-03-08",,"0",,,"0",,
"527","1","44","2003-05-26",,"0",,,"0",,
"528","1","44","2003-09-28",,"0",,,"0",,
"529","1","44","2004-04-02",,"0",,,"0",,
"530","1","44","2005-01-01",,"0",,,"0",,
"531","1","44","2004-01-01",,"0",,,"0",,
"532","1","44","2004-02-17",,"0",,,"0",,
"533","1","44","2003-06-14",,"0",,,"0",,
"534","1","44","2004-11-13",,"0",,,"0",,
"535","1","44","2003-06-06",,"0",,,"0",,
"536","1","44","2004-01-15",,"0",,,"0",,
"537","1","44","2003-08-04",,"0",,,"0",,
"538","1","44","2003-11-11",,"0",,,"0",,
"539","1","44","2003-05-21",,"0",,,"0",,
"540","1","44","2004-05-19",,"0",,,"0",,
"541","1","44","2004-03-14",,"0",,,"0",,
"542","1","44","2003-04-28",,"0",,,"0",,
"543","1","44","2004-04-28",,"0",,,"0",,
"544","1","44","2004-04-05",,"0",,,"0",,
"545","1","44","2003-10-25",,"0",,,"0",,
"546","1","44","2004-02-15",,"0",,,"0",,
"547","1","44","2004-10-25",,"0",,,"0",,
"548","1","44","2004-10-29",,"0",,,"0",,
"549","1","44","2004-11-03",,"0",,,"0",,
"550","1","44","2004-11-14",,"0",,,"0",,
"551","1","44","2004-11-28",,"0",,,"0",,
"552","1","44","2005-01-02",,"0",,,"0",,
"553","1","44","2004-04-12",,"0",,,"0",,
"554","1","44","2003-05-04",,"0",,,"0",,
"555","1","44","2004-04-26",,"0",,,"0",,
"556","1","44","2004-07-05",,"0",,,"0",,
"557","1","44","2003-05-07",,"0",,,"0",,
"558","1","44","2003-04-27",,"0",,,"0",,
"559","1","44","2004-04-23",,"0",,,"0",,
"560","1","44","2003-04-13",,"0",,,"0",,
"561","1","44","2003-04-12",,"0",,,"0",,
"562","1","44","2003-09-14",,"0",,,"0",,
"563","1","44","2004-05-01",,"0",,,"0",,
"564","1","44","2004-10-05",,"0",,,"0",,
"565","1","44","2004-11-07",,"0",,,"0",,
"566","1","44","2003-10-17",,"0",,,"0",,
"567","1","44","2003-01-02",,"0",,,"0",,
"568","1","44","2004-03-19",,"0",,,"0",,
"569","1","44","2004-10-16",,"0",,,"0",,
"570","1","44","2004-10-27",,"0",,,"0",,
"571","1","44","2004-09-24",,"0",,,"0",,
"572","1","44","2003-11-23",,"0",,,"0",,
"573","1","44","2003-01-26",,"0",,,"0",,
"574","1","44","2004-05-23",,"0",,,"0",,
"575","1","44","2004-08-28",,"0",,,"0",,
"576","1","44","2004-02-09",,"0",,,"0",,
"577","1","44","2003-05-09",,"0",,,"0",,
"578","1","44","2003-01-13",,"0",,,"0",,
"579","1","44","2003-03-09",,"0",,,"0",,
"580","1","44","2003-11-28",,"0",,,"0",,
"581","1","44","2004-04-09",,"0",,,"0",,
"582","1","44","2003-01-08",,"0",,,"0",,
"583","1","44","2003-02-01",,"0",,,"0",,
"584","1","44","2004-08-14",,"0",,,"0",,
"585","1","45","2006-01-15",,"0",,,"0",,
"586","1","45","1960-01-01",,"0",,,"0",,
"587","1","45","2002-08-17",,"0",,,"0",,
"588","1","46","2008-04-01",,"0",,,"0",,
"589","1","46","2006-12-03",,"0",,,"0",,
"590","1","46","2007-04-27",,"0",,,"0",,
"591","1","46","2006-01-02",,"0",,,"0",,
"592","1","46","2008-04-05",,"0",,,"0",,
"593","1","46","2007-04-29",,"0",,,"0",,
"594","1","46","2008-05-22",,"0",,,"0",,
"595","1","46","2006-05-28",,"0",,,"0",,
"596","1","46","2006-10-18",,"0",,,"0",,
"597","1","46","2005-07-22",,"0",,,"0",,
"598","1","46","2006-01-07",,"0",,,"0",,
"599","1","46","2007-05-02",,"0",,,"0",,
"600","1","46","2007-05-12",,"0",,,"0",,
"601","1","46","2008-10-04",,"0",,,"0",,
"602","1","46","2009-01-08",,"0",,,"0",,
"603","1","46","2008-10-30",,"0",,,"0",,
"604","1","46","2007-01-12",,"0",,,"0",,
"605","1","46","2006-04-21",,"0",,,"0",,
"606","1","46","2007-05-18",,"0",,,"0",,
"607","1","46","2006-01-01",,"0",,,"0",,
"608","1","46","2006-05-13",,"0",,,"0",,
"609","1","46","2006-08-10",,"0",,,"0",,
"610","1","46","2002-09-21",,"0",,,"0",,
"611","1","46","2006-04-17",,"0",,,"0",,
"612","1","46","2006-05-10",,"0",,,"0",,
"613","1","46","2006-05-14",,"0",,,"0",,
"614","1","46","2006-05-27",,"0",,,"0",,
"615","1","46","2009-05-24",,"0",,,"0",,
"616","1","46","2008-05-20",,"0",,,"0",,
"617","1","46","2005-07-31",,"0",,,"0",,
"618","1","46","2006-04-26",,"0",,,"0",,
"619","1","46","2009-05-03",,"0",,,"0",,
"620","1","46","2005-09-09",,"0",,,"0",,
"621","1","46","2007-02-13",,"0",,,"0",,
"622","1","46","2005-03-27",,"0",,,"0",,
"623","1","46","2006-02-05",,"0",,,"0",,
"624","1","46","2003-01-01",,"0",,,"0",,
"625","1","47","2003-02-14",,"0",,,"0",,
"626","1","47","2005-05-13",,"0",,,"0",,
"627","1","47","2003-01-01",,"0",,,"0",,
"628","1","47","2003-01-04",,"0",,,"0",,
"629","1","47","2005-05-14",,"0",,,"0",,
"630","1","47","2003-04-13",,"0",,,"0",,
"631","1","47","2003-04-30",,"0",,,"0",,
"632","1","47","2005-04-18",,"0",,,"0",,
"633","1","47","2003-01-31",,"0",,,"0",,
"634","1","48","2003-02-21",,"0",,,"0",,
"635","1","48","2004-09-24",,"0",,,"0",,
"636","1","48","2002-10-04",,"0",,,"0",,
"637","1","48","2003-05-09",,"0",,,"0",,
"638","1","48","2006-09-01",,"0",,,"0",,
"639","1","48","2003-03-13",,"0",,,"0",,
"640","1","48","2004-02-13",,"0",,,"0",,
"641","1","48","2005-02-14",,"0",,,"0",,
"642","1","48","2011-01-06",,"0",,,"0",,
"643","1","49","2004-01-02",,"0",,,"0",,
"644","1","49","2004-01-01",,"0",,,"0",,
"645","1","49","2003-01-01",,"0",,,"0",,
"646","1","49","2003-01-10",,"0",,,"0",,
"647","1","50","2003-04-01",,"0",,,"0",,
"648","1","50","2002-01-10",,"0",,,"0",,
"649","1","50","2003-01-07",,"0",,,"0",,
"650","1","50","2004-01-06",,"0",,,"0",,
"651","1","50","2005-01-07",,"0",,,"0",,
"652","1","50","2006-01-03",,"0",,,"0",,
"653","1","50","2007-01-16",,"0",,,"0",,
"654","1","50","2009-01-03",,"0",,,"0",,
"655","1","50","2001-05-11",,"0",,,"0",,
"656","1","50","2003-01-23",,"0",,,"0",,
"657","1","50","2005-04-04",,"0",,,"0",,
"658","1","51","2010-12-04",,"0",,,"0",,
"659","1","51","2011-01-01",,"0",,,"0",,
"660","1","51","2011-01-07",,"0",,,"0",,
"661","1","51","2011-05-02",,"0",,,"0",,
"662","1","51","2012-01-14",,"0",,,"0",,
"663","1","51","2011-03-28",,"0",,,"0",,
"664","1","51","2010-09-19",,"0",,,"0",,
"665","1","51","2011-03-12",,"0",,,"0",,
"666","1","51","2011-06-03",,"0",,,"0",,
"667","1","51","2010-12-05",,"0",,,"0",,
"668","1","51","2011-02-12",,"0",,,"0",,
"669","1","51","2011-09-11",,"0",,,"0",,
"670","1","51","2012-01-06",,"0",,,"0",,
"671","1","51","2011-05-27",,"0",,,"0",,
"672","1","51","2012-02-10",,"0",,,"0",,
"673","1","51","2011-09-06",,"0",,,"0",,
"674","1","51","2003-01-24",,"0",,,"0",,
"675","1","51","2011-03-31",,"0",,,"0",,
"676","1","51","2011-06-07",,"0",,,"0",,
"677","1","51","2012-01-10",,"0",,,"0",,
"678","1","51","2011-10-02",,"0",,,"0",,
"679","1","51","2011-02-24",,"0",,,"0",,
"680","1","51","2011-04-24",,"0",,,"0",,
"681","1","51","2011-08-14",,"0",,,"0",,
"682","1","52","2003-01-24",,"0",,,"0",,
"683","1","53","2003-01-27",,"0",,,"0",,
"684","1","54","2011-09-17",,"0",,,"0",,
"685","1","54","2003-02-19",,"0",,,"0",,
"686","1","55","2004-03-07",,"0",,,"0",,
"687","1","55","2005-02-20",,"0",,,"0",,
"688","1","55","2006-03-12",,"0",,,"0",,
"689","1","55","2007-01-13",,"0",,,"0",,
"690","1","55","2007-02-10",,"0",,,"0",,
"691","1","55","2007-03-11",,"0",,,"0",,
"692","1","55","2008-01-19",,"0",,,"0",,
"693","1","55","2008-02-10",,"0",,,"0",,
"694","1","55","2009-02-15",,"0",,,"0",,
"695","1","55","2009-12-06",,"0",,,"0",,
"696","1","55","2010-02-21",,"0",,,"0",,
"697","1","55","2009-02-28",,"0",,,"0",,
"698","1","55","2003-02-23",,"0",,,"0",,
"699","1","55","2003-03-09",,"0",,,"0",,
"700","1","56","1993-03-25",,"0",,,"0",,
"701","1","56","2002-01-05",,"0",,,"0",,
"702","1","56","2001-03-01",,"0",,,"0",,
"703","1","56","2002-04-01",,"0",,,"0",,
"704","1","56","2002-01-07",,"0",,,"0",,
"705","1","56","2002-03-01",,"0",,,"0",,
"706","1","56","2001-04-02",,"0",,,"0",,
"707","1","56","2002-03-04",,"0",,,"0",,
"708","1","56","2001-04-16",,"0",,,"0",,
"709","1","57","1974-10-01",,"0",,,"0",,
"710","1","57","1960-01-01",,"0",,,"0",,
"711","1","58","1970-01-01",,"0",,,"0",,
"712","1","58","2011-08-09",,"0",,,"0",,
"713","1","58","1970-06-01",,"0",,,"0",,
"714","1","58","2006-07-25",,"0",,,"0",,
"715","1","58","1960-01-01",,"0",,,"0",,
"716","1","59","1970-05-01",,"0",,,"0",,
"717","1","59","1960-01-01",,"0",,,"0",,
"718","1","59","1970-01-01",,"0",,,"0",,
"719","1","60","1977-08-01",,"0",,,"0",,
"720","1","60","1960-01-01",,"0",,,"0",,
"721","1","61","2003-03-22",,"0",,,"0",,
"722","1","61","2003-03-21",,"0",,,"0",,
"723","1","62","2004-03-28",,"0",,,"0",,
"724","1","62","2003-03-30",,"0",,,"0",,
"725","1","63","2003-03-30",,"0",,,"0",,
"726","1","64","2009-09-06",,"0",,,"0",,
"727","1","64","2005-04-24",,"0",,,"0",,
"728","1","64","2003-03-31",,"0",,,"0",,
"729","1","65","2006-03-15",,"0",,,"0",,
"730","1","65","2007-04-05",,"0",,,"0",,
"731","1","65","1960-01-01",,"0",,,"0",,
"732","1","66","2003-04-14",,"0",,,"0",,
"733","1","67","2003-04-14",,"0",,,"0",,
"734","1","68","2003-04-14",,"0",,,"0",,
"735","1","69","2003-04-14",,"0",,,"0",,
"736","1","70","2003-04-14",,"0",,,"0",,
"737","1","71","1995-10-01",,"0",,,"0",,
"738","1","72","1960-01-01",,"0",,,"0",,
"739","1","73","2003-12-17",,"0",,,"0",,
"740","1","73","2003-05-13",,"0",,,"0",,
"741","1","74","2000-07-01",,"0",,,"0",,
"742","1","75","1960-01-01",,"0",,,"0",,
"743","1","75","1970-01-01",,"0",,,"0",,
"744","1","76","2007-05-24",,"0",,,"0",,
"745","1","76","2007-04-05",,"0",,,"0",,
"746","1","76","2006-03-19",,"0",,,"0",,
"747","1","76","2006-03-18",,"0",,,"0",,
"748","1","76","1960-01-01",,"0",,,"0",,
"749","1","77","2010-06-27",,"0",,,"0",,
"750","1","77","2002-03-25",,"0",,,"0",,
"751","1","77","1960-01-01",,"0",,,"0",,
"752","1","78","2010-08-04",,"0",,,"0",,
"753","1","78","1994-05-01",,"0",,,"0",,
"754","1","78","1960-01-01",,"0",,,"0",,
"755","1","78","1996-04-01",,"0",,,"0",,
"756","1","79","2005-09-27",,"0",,,"0",,
"757","1","79","1960-01-01",,"0",,,"0",,
"758","1","80","2008-05-01",,"0",,,"0",,
"759","1","80","1960-01-01",,"0",,,"0",,
"760","1","82","1960-01-01",,"0",,,"0",,
"761","1","82","1984-11-08",,"0",,,"0",,
"762","1","82","2006-05-04",,"0",,,"0",,
"763","1","82","2004-11-09",,"0",,,"0",,
"764","1","83","2003-05-28",,"0",,,"0",,
"765","1","83","2004-06-04",,"0",,,"0",,
"766","1","84","2003-05-30",,"0",,,"0",,
"767","1","85","2010-05-27",,"0",,,"0",,
"768","1","85","2004-06-10",,"0",,,"0",,
"769","1","85","2003-06-04",,"0",,,"0",,
"770","1","85","2005-06-23",,"0",,,"0",,
"771","1","85","2008-06-06",,"0",,,"0",,
"772","1","86","2003-04-20",,"0",,,"0",,
"773","1","87","2009-06-08",,"0",,,"0",,
"774","1","87","2011-05-21",,"0",,,"0",,
"775","1","87","2003-06-12",,"0",,,"0",,
"776","1","87","1982-12-22",,"0",,,"0",,
"777","1","88","2003-07-08",,"0",,,"0",,
"778","1","88","2005-05-07",,"0",,,"0",,
"779","1","89","2003-07-09",,"0",,,"0",,
"780","1","90","2003-07-07",,"0",,,"0",,
"781","1","91","2003-07-08",,"0",,,"0",,
"782","1","92","2003-10-06",,"0",,,"0",,
"783","1","92","2006-03-24",,"0",,,"0",,
"784","1","93","2003-10-23",,"0",,,"0",,
"785","1","93","2004-11-09",,"0",,,"0",,
"786","1","94","2003-11-11",,"0",,,"0",,
"787","1","95","1984-02-10",,"0",,,"0",,
"788","1","96","1990-02-20",,"0",,,"0",,
"789","1","97","2004-07-18",,"0",,,"0",,
"790","1","97","1981-05-24",,"0",,,"0",,
"791","1","97","1960-01-01",,"0",,,"0",,
"792","1","97","1982-05-26",,"0",,,"0",,
"793","1","97","1983-05-23",,"0",,,"0",,
"794","1","98","2003-07-05",,"0",,,"0",,
"795","1","99","2006-01-08",,"0",,,"0",,
"796","1","99","2005-01-21",,"0",,,"0",,
"797","1","99","2004-11-13",,"0",,,"0",,
"798","1","99","2004-01-26",,"0",,,"0",,
"799","1","99","2004-03-04",,"0",,,"0",,
"800","1","99","2006-01-15",,"0",,,"0",,
"801","1","99","2004-05-15",,"0",,,"0",,
"802","1","100","2005-02-11",,"0",,,"0",,
"803","1","100","2004-02-05",,"0",,,"0",,
"804","1","100","2011-09-13",,"0",,,"0",,
"805","1","101","2004-02-23",,"0",,,"0",,
"806","1","101","2004-02-25",,"0",,,"0",,
"807","1","101","2004-02-22",,"0",,,"0",,
"808","1","101","2004-02-24",,"0",,,"0",,
"809","1","102","2004-02-22",,"0",,,"0",,
"810","1","103","2004-02-26",,"0",,,"0",,
"811","1","104","2004-04-15",,"0",,,"0",,
"812","1","104","2004-03-04",,"0",,,"0",,
"813","1","105","2006-11-22",,"0",,,"0",,
"814","1","105","2004-03-15",,"0",,,"0",,
"815","1","106","2005-09-14",,"0",,,"0",,
"816","1","106","2004-03-29",,"0",,,"0",,
"817","1","107","2004-04-04",,"0",,,"0",,
"818","1","108","2004-04-12",,"0",,,"0",,
"819","1","109","2004-04-14",,"0",,,"0",,
"820","1","110","2004-04-17",,"0",,,"0",,
"821","1","111","2004-04-17",,"0",,,"0",,
"822","1","111","2004-04-18",,"0",,,"0",,
"823","1","111","2005-05-07",,"0",,,"0",,
"824","1","111","2004-04-19",,"0",,,"0",,
"825","1","112","2004-04-18",,"0",,,"0",,
"826","1","112","2005-05-07",,"0",,,"0",,
"827","1","113","2004-04-18",,"0",,,"0",,
"828","1","113","2005-05-07",,"0",,,"0",,
"829","1","114","2004-04-18",,"0",,,"0",,
"830","1","115","2004-04-21",,"0",,,"0",,
"831","1","116","2004-04-29",,"0",,,"0",,
"832","1","117","2004-05-21",,"0",,,"0",,
"833","1","117","2004-05-22",,"0",,,"0",,
"834","1","117","2004-05-20",,"0",,,"0",,
"835","1","118","2004-05-22",,"0",,,"0",,
"836","1","118","2004-05-20",,"0",,,"0",,
"837","1","119","1960-01-01",,"0",,,"0",,
"838","1","120","1960-01-01",,"0",,,"0",,
"839","1","121","1960-01-01",,"0",,,"0",,
"840","1","122","1960-01-01",,"0",,,"0",,
"841","1","123","2004-07-18",,"0",,,"0",,
"842","1","124","2006-01-02",,"0",,,"0",,
"843","1","124","2004-07-24",,"0",,,"0",,
"844","1","124","2011-05-23",,"0",,,"0",,
"845","1","124","2005-11-25",,"0",,,"0",,
"846","1","124","2008-02-02",,"0",,,"0",,
"847","1","125","2004-09-06",,"0",,,"0",,
"848","1","126","2004-09-16",,"0",,,"0",,
"849","1","126","2005-05-02",,"0",,,"0",,
"850","1","127","2004-11-12",,"0",,,"0",,
"851","1","127","2005-05-22",,"0",,,"0",,
"852","1","128","2004-11-14",,"0",,,"0",,
"853","1","129","2005-01-11",,"0",,,"0",,
"854","1","129","2011-03-22",,"0",,,"0",,
"855","1","130","2005-01-16",,"0",,,"0",,
"856","1","131","2005-01-21",,"0",,,"0",,
"857","1","132","2005-01-23",,"0",,,"0",,
"858","1","133","2011-11-12",,"0",,,"0",,
"859","1","133","2007-02-09",,"0",,,"0",,
"860","1","133","2006-02-27",,"0",,,"0",,
"861","1","133","2005-12-18",,"0",,,"0",,
"862","1","133","2005-01-30",,"0",,,"0",,
"863","1","134","2006-12-31",,"0",,,"0",,
"864","1","134","2005-01-31",,"0",,,"0",,
"865","1","135","2005-03-23",,"0",,,"0",,
"866","1","135","2005-02-16",,"0",,,"0",,
"867","1","136","2005-03-20",,"0",,,"0",,
"868","1","136","2005-04-08",,"0",,,"0",,
"869","1","136","2006-11-21",,"0",,,"0",,
"870","1","136","2008-05-13",,"0",,,"0",,
"871","1","136","2008-01-31",,"0",,,"0",,
"872","1","136","2008-05-20",,"0",,,"0",,
"873","1","136","2006-03-22",,"0",,,"0",,
"874","1","136","2006-03-13",,"0",,,"0",,
"875","1","136","2006-05-27",,"0",,,"0",,
"876","1","136","2006-10-28",,"0",,,"0",,
"877","1","136","2008-11-01",,"0",,,"0",,
"878","1","136","2005-04-04",,"0",,,"0",,
"879","1","136","2007-05-02",,"0",,,"0",,
"880","1","136","2005-03-14",,"0",,,"0",,
"881","1","136","2006-01-01",,"0",,,"0",,
"882","1","136","2007-01-27",,"0",,,"0",,
"883","1","136","2008-10-07",,"0",,,"0",,
"884","1","136","2007-03-10",,"0",,,"0",,
"885","1","136","2006-09-02",,"0",,,"0",,
"886","1","136","2008-04-03",,"0",,,"0",,
"887","1","136","2005-03-25",,"0",,,"0",,
"888","1","136","2005-03-31",,"0",,,"0",,
"889","1","136","2005-04-02",,"0",,,"0",,
"890","1","136","2007-01-02",,"0",,,"0",,
"891","1","136","2007-01-07",,"0",,,"0",,
"892","1","136","2005-03-01",,"0",,,"0",,
"893","1","136","2007-01-10",,"0",,,"0",,
"894","1","136","2008-01-06",,"0",,,"0",,
"895","1","136","2008-01-08",,"0",,,"0",,
"896","1","136","2007-06-03",,"0",,,"0",,
"897","1","136","2005-05-01",,"0",,,"0",,
"898","1","136","2006-02-28",,"0",,,"0",,
"899","1","136","2007-05-01",,"0",,,"0",,
"900","1","136","2008-09-01",,"0",,,"0",,
"901","1","136","2005-05-15",,"0",,,"0",,
"902","1","136","2007-06-05",,"0",,,"0",,
"903","1","136","2008-07-03",,"0",,,"0",,
"904","1","136","2006-02-05",,"0",,,"0",,
"905","1","136","2007-06-08",,"0",,,"0",,
"906","1","136","2005-03-21",,"0",,,"0",,
"907","1","136","2005-03-03",,"0",,,"0",,
"908","1","136","2005-07-07",,"0",,,"0",,
"909","1","136","2006-05-19",,"0",,,"0",,
"910","1","136","2007-04-29",,"0",,,"0",,
"911","1","136","2008-05-06",,"0",,,"0",,
"912","1","136","2008-05-23",,"0",,,"0",,
"913","1","136","2005-05-13",,"0",,,"0",,
"914","1","136","2005-07-22",,"0",,,"0",,
"915","1","136","2007-04-24",,"0",,,"0",,
"916","1","136","2005-04-30",,"0",,,"0",,
"917","1","136","2007-04-23",,"0",,,"0",,
"918","1","136","2005-04-12",,"0",,,"0",,
"919","1","136","2008-04-05",,"0",,,"0",,
"920","1","136","2008-09-19",,"0",,,"0",,
"921","1","136","2007-05-18",,"0",,,"0",,
"922","1","136","2005-04-01",,"0",,,"0",,
"923","1","136","2007-01-01",,"0",,,"0",,
"924","1","136","2005-03-05",,"0",,,"0",,
"925","1","136","2005-11-18",,"0",,,"0",,
"926","1","136","2007-10-26",,"0",,,"0",,
"927","1","136","2006-01-02",,"0",,,"0",,
"928","1","136","2005-07-06",,"0",,,"0",,
"929","1","136","2006-03-11",,"0",,,"0",,
"930","1","136","2005-03-18",,"0",,,"0",,
"931","1","136","2007-01-19",,"0",,,"0",,
"932","1","136","2005-03-17",,"0",,,"0",,
"933","1","136","2008-01-03",,"0",,,"0",,
"934","1","136","2005-12-31",,"0",,,"0",,
"935","1","136","2006-01-09",,"0",,,"0",,
"936","1","136","2006-01-14",,"0",,,"0",,
"937","1","136","2006-03-24",,"0",,,"0",,
"938","1","136","2007-03-30",,"0",,,"0",,
"939","1","137","2005-03-22",,"0",,,"0",,
"940","1","138","2005-03-22",,"0",,,"0",,
"941","1","139","2005-03-28",,"0",,,"0",,
"942","1","140","2005-04-24",,"0",,,"0",,
"943","1","141","2005-05-07",,"0",,,"0",,
"944","1","142","2005-05-07",,"0",,,"0",,
"945","1","143","2005-05-07",,"0",,,"0",,
"946","1","143","2011-10-22",,"0",,,"0",,
"947","1","144","2004-07-08",,"0",,,"0",,
"948","1","144","2005-05-08",,"0",,,"0",,
"949","1","144","2003-07-08",,"0",,,"0",,
"950","1","144","2005-05-07",,"0",,,"0",,
"951","1","145","2005-05-08",,"0",,,"0",,
"952","1","146","2005-05-08",,"0",,,"0",,
"953","1","147","2005-05-07",,"0",,,"0",,
"954","1","148","2005-05-07",,"0",,,"0",,
"955","1","149","2009-08-31",,"0",,,"0",,
"956","1","150","2005-06-16",,"0",,,"0",,
"957","1","150","2005-06-14",,"0",,,"0",,
"958","1","151","2005-06-13",,"0",,,"0",,
"959","1","151","2005-06-12",,"0",,,"0",,
"960","1","152","2005-06-19",,"0",,,"0",,
"961","1","153","2005-07-10",,"0",,,"0",,
"962","1","154","2005-07-31",,"0",,,"0",,
"963","1","154","2009-08-24",,"0",,,"0",,
"964","1","155","2005-12-18",,"0",,,"0",,
"965","1","156","2006-01-04",,"0",,,"0",,
"966","1","156","2008-04-15",,"0",,,"0",,
"967","1","156","2008-09-05",,"0",,,"0",,
"968","1","156","2008-09-11",,"0",,,"0",,
"969","1","156","2009-01-04",,"0",,,"0",,
"970","1","156","2007-08-01",,"0",,,"0",,
"971","1","156","2009-08-03",,"0",,,"0",,
"972","1","156","2010-07-28",,"0",,,"0",,
"973","1","157","2006-03-28",,"0",,,"0",,
"974","1","157","2006-01-11",,"0",,,"0",,
"975","1","158","2009-01-18",,"0",,,"0",,
"976","1","158","2011-12-25",,"0",,,"0",,
"977","1","158","2006-01-15",,"0",,,"0",,
"978","1","159","2006-01-29",,"0",,,"0",,
"979","1","160","2006-02-10",,"0",,,"0",,
"980","1","161","2006-02-27",,"0",,,"0",,
"981","1","161","2007-02-09",,"0",,,"0",,
"982","1","161","2009-11-09",,"0",,,"0",,
"983","1","162","2006-03-22",,"0",,,"0",,
"984","1","163","2006-03-22",,"0",,,"0",,
"985","1","164","2006-04-06",,"0",,,"0",,
"986","1","165","2007-11-03",,"0",,,"0",,
"987","1","165","2008-10-11",,"0",,,"0",,
"988","1","165","2006-05-06",,"0",,,"0",,
"989","1","165","2007-05-05",,"0",,,"0",,
"990","1","165","2006-05-07",,"0",,,"0",,
"991","1","165","2008-01-05",,"0",,,"0",,
"992","1","166","2006-05-24",,"0",,,"0",,
"993","1","167","2006-06-05",,"0",,,"0",,
"994","1","168","2006-06-04",,"0",,,"0",,
"995","1","169","2006-10-13",,"0",,,"0",,
"996","1","169","2006-10-11",,"0",,,"0",,
"997","1","170","2006-10-15",,"0",,,"0",,
"998","1","171","2006-10-15",,"0",,,"0",,
"999","1","172","2006-10-24",,"0",,,"0",,
"1000","1","173","2001-10-01",,"0",,,"0",,
"1001","1","174","2007-01-02",,"0",,,"0",,
"1002","1","174","2007-03-10",,"0",,,"0",,
"1003","1","174","2007-03-30",,"0",,,"0",,
"1004","1","174","2010-04-12",,"0",,,"0",,
"1005","1","175","2007-01-05",,"0",,,"0",,
"1006","1","176","2007-01-05",,"0",,,"0",,
"1007","1","177","2007-01-24",,"0",,,"0",,
"1008","1","178","2007-02-19",,"0",,,"0",,
"1009","1","178","2007-02-21",,"0",,,"0",,
"1010","1","178","2007-02-18",,"0",,,"0",,
"1011","1","178","2007-02-20",,"0",,,"0",,
"1012","1","178","2007-02-17",,"0",,,"0",,
"1013","1","178","2007-02-16",,"0",,,"0",,
"1014","1","178","2007-02-15",,"0",,,"0",,
"1015","1","179","2007-04-15",,"0",,,"0",,
"1016","1","180","2009-07-04",,"0",,,"0",,
"1017","1","180","2007-04-25",,"0",,,"0",,
"1018","1","180","2008-04-18",,"0",,,"0",,
"1019","1","180","2007-07-09",,"0",,,"0",,
"1020","1","180","2008-03-09",,"0",,,"0",,
"1021","1","180","2007-05-07",,"0",,,"0",,
"1022","1","180","2008-04-26",,"0",,,"0",,
"1023","1","180","2007-06-04",,"0",,,"0",,
"1024","1","180","2008-04-20",,"0",,,"0",,
"1025","1","180","2011-04-25",,"0",,,"0",,
"1026","1","180","2007-06-29",,"0",,,"0",,
"1027","1","180","2011-05-14",,"0",,,"0",,
"1028","1","181","2009-03-14",,"0",,,"0",,
"1029","1","181","2007-09-15",,"0",,,"0",,
"1030","1","181","2009-02-22",,"0",,,"0",,
"1031","1","181","2009-08-03",,"0",,,"0",,
"1032","1","181","2008-01-26",,"0",,,"0",,
"1033","1","181","2008-04-26",,"0",,,"0",,
"1034","1","181","2007-05-13",,"0",,,"0",,
"1035","1","181","2009-09-12",,"0",,,"0",,
"1036","1","182","2007-07-16",,"0",,,"0",,
"1037","1","183","2007-09-20",,"0",,,"0",,
"1038","1","184","2011-04-02",,"0",,,"0",,
"1039","1","184","2007-10-06",,"0",,,"0",,
"1040","1","185","2007-10-15",,"0",,,"0",,
"1041","1","186","2007-10-16",,"0",,,"0",,
"1042","1","187","2007-12-10",,"0",,,"0",,
"1043","1","188","2011-05-30",,"0",,,"0",,
"1044","1","188","2008-01-27",,"0",,,"0",,
"1045","1","189","2008-01-31",,"0",,,"0",,
"1046","1","190","2008-02-24",,"0",,,"0",,
"1047","1","191","2008-03-11",,"0",,,"0",,
"1048","1","192","2008-03-21",,"0",,,"0",,
"1049","1","193","2008-04-12",,"0",,,"0",,
"1050","1","194","2008-04-22",,"0",,,"0",,
"1051","1","194","2008-05-06",,"0",,,"0",,
"1052","1","194","2008-07-03",,"0",,,"0",,
"1053","1","194","2012-01-13",,"0",,,"0",,
"1054","1","194","2009-01-10",,"0",,,"0",,
"1055","1","194","2009-01-30",,"0",,,"0",,
"1056","1","194","2008-04-17",,"0",,,"0",,
"1057","1","194","2008-05-30",,"0",,,"0",,
"1058","1","194","2008-04-30",,"0",,,"0",,
"1059","1","194","2009-01-15",,"0",,,"0",,
"1060","1","195","2008-05-24",,"0",,,"0",,
"1061","1","195","2011-10-31",,"0",,,"0",,
"1062","1","196","2010-02-13",,"0",,,"0",,
"1063","1","196","2008-06-08",,"0",,,"0",,
"1064","1","197","2009-05-16",,"0",,,"0",,
"1065","1","197","2008-06-28",,"0",,,"0",,
"1066","1","197","2009-04-03",,"0",,,"0",,
"1067","1","198","2008-08-02",,"0",,,"0",,
"1068","1","199","2008-11-12",,"0",,,"0",,
"1069","1","200","2010-04-10",,"0",,,"0",,
"1070","1","200","2008-12-20",,"0",,,"0",,
"1071","1","200","2008-12-28",,"0",,,"0",,
"1072","1","200","2010-07-04",,"0",,,"0",,
"1073","1","201","2009-01-01",,"0",,,"0",,
"1074","1","201","2012-01-01",,"0",,,"0",,
"1075","1","202","2009-01-04",,"0",,,"0",,
"1076","1","203","2009-03-21",,"0",,,"0",,
"1077","1","203","2010-01-02",,"0",,,"0",,
"1078","1","203","2010-10-02",,"0",,,"0",,
"1079","1","203","2012-01-01",,"0",,,"0",,
"1080","1","203","2009-03-19",,"0",,,"0",,
"1081","1","203","2009-04-03",,"0",,,"0",,
"1082","1","203","2011-02-13",,"0",,,"0",,
"1083","1","203","2010-03-31",,"0",,,"0",,
"1084","1","203","2011-03-23",,"0",,,"0",,
"1085","1","203","2009-03-25",,"0",,,"0",,
"1086","1","203","2009-02-11",,"0",,,"0",,
"1087","1","203","2009-09-07",,"0",,,"0",,
"1088","1","203","2010-01-28",,"0",,,"0",,
"1089","1","203","2010-02-19",,"0",,,"0",,
"1090","1","203","2011-03-11",,"0",,,"0",,
"1091","1","203","2011-03-22",,"0",,,"0",,
"1092","1","203","2011-08-21",,"0",,,"0",,
"1093","1","203","2010-12-20",,"0",,,"0",,
"1094","1","203","2010-03-26",,"0",,,"0",,
"1095","1","203","2009-02-19",,"0",,,"0",,
"1096","1","203","2011-01-02",,"0",,,"0",,
"1097","1","203","2010-01-03",,"0",,,"0",,
"1098","1","203","2011-09-11",,"0",,,"0",,
"1099","1","203","2009-03-07",,"0",,,"0",,
"1100","1","203","2010-11-01",,"0",,,"0",,
"1101","1","203","2009-08-23",,"0",,,"0",,
"1102","1","203","2009-08-30",,"0",,,"0",,
"1103","1","203","2009-09-06",,"0",,,"0",,
"1104","1","203","2010-06-16",,"0",,,"0",,
"1105","1","203","2011-05-12",,"0",,,"0",,
"1106","1","203","2011-05-21",,"0",,,"0",,
"1107","1","203","2010-08-13",,"0",,,"0",,
"1108","1","203","2011-04-29",,"0",,,"0",,
"1109","1","203","2009-07-07",,"0",,,"0",,
"1110","1","203","2011-09-29",,"0",,,"0",,
"1111","1","203","2011-04-05",,"0",,,"0",,
"1112","1","203","2011-03-09",,"0",,,"0",,
"1113","1","203","2011-06-17",,"0",,,"0",,
"1114","1","203","2009-05-03",,"0",,,"0",,
"1115","1","203","2010-05-27",,"0",,,"0",,
"1116","1","203","2010-04-26",,"0",,,"0",,
"1117","1","203","2011-04-27",,"0",,,"0",,
"1118","1","203","2009-05-07",,"0",,,"0",,
"1119","1","203","2009-10-12",,"0",,,"0",,
"1120","1","203","2010-10-13",,"0",,,"0",,
"1121","1","203","2010-01-06",,"0",,,"0",,
"1122","1","203","2009-10-06",,"0",,,"0",,
"1123","1","203","2010-02-08",,"0",,,"0",,
"1124","1","203","2011-10-01",,"0",,,"0",,
"1125","1","203","2009-03-05",,"0",,,"0",,
"1126","1","203","2011-06-18",,"0",,,"0",,
"1127","1","203","2011-01-03",,"0",,,"0",,
"1128","1","203","2011-04-09",,"0",,,"0",,
"1129","1","203","2010-08-25",,"0",,,"0",,
"1130","1","203","2010-01-04",,"0",,,"0",,
"1131","1","203","2010-06-12",,"0",,,"0",,
"1132","1","204","2009-04-03",,"0",,,"0",,
"1133","1","204","2009-03-27",,"0",,,"0",,
"1134","1","205","2009-04-04",,"0",,,"0",,
"1135","1","206","2009-04-25",,"0",,,"0",,
"1136","1","207","2009-05-04",,"0",,,"0",,
"1137","1","208","2009-05-12",,"0",,,"0",,
"1138","1","209","2009-05-22",,"0",,,"0",,
"1139","1","210","2009-08-09",,"0",,,"0",,
"1140","1","211","2009-10-21",,"0",,,"0",,
"1141","1","212","2010-01-18",,"0",,,"0",,
"1142","1","213","2010-03-14",,"0",,,"0",,
"1143","1","214","2010-03-21",,"0",,,"0",,
"1144","1","214","2010-10-31",,"0",,,"0",,
"1145","1","214","2010-05-30",,"0",,,"0",,
"1146","1","215","2010-04-17",,"0",,,"0",,
"1147","1","215","2011-04-17",,"0",,,"0",,
"1148","1","216","2010-05-12",,"0",,,"0",,
"1149","1","217","2010-06-05",,"0",,,"0",,
"1150","1","218","2010-07-01",,"0",,,"0",,
"1151","1","219","2010-10-05",,"0",,,"0",,
"1152","1","220","2011-01-02",,"0",,,"0",,
"1153","1","221","2011-03-09",,"0",,,"0",,
"1154","1","221","2011-02-19",,"0",,,"0",,
"1155","1","221","2011-01-09",,"0",,,"0",,
"1156","1","222","2011-01-29",,"0",,,"0",,
"1157","1","223","2011-02-20",,"0",,,"0",,
"1158","1","224","2011-02-19",,"0",,,"0",,
"1159","1","225","2010-11-05",,"0",,,"0",,
"1160","1","226","2010-11-10",,"0",,,"0",,
"1161","1","227","2010-11-15",,"0",,,"0",,
"1162","1","228","2011-05-06",,"0",,,"0",,
"1163","1","229","2011-09-25",,"0",,,"0",,
"1164","1","230","2011-10-10",,"0",,,"0",,
"1165","1","231","2011-12-07",,"0",,,"0",,
"1166","1","235","2012-05-06",,"0",,,"0",,
"1167","1","51","2012-01-15",,"0",,,"0",,
"1168","1","51","2012-03-10",,"0",,,"0",,
"1169","1","51","2012-05-27",,"0",,,"0",,
"1170","1","242","2012-10-05",,"0",,,"0",,
"1171","1","51","2012-05-09",,"0",,,"0",,
"1172","1","51","2012-02-14",,"0",,,"0",,
"1173","1","180","2012-07-08",,"0",,,"0",,
"1174","1","10","2012-06-21",,"0",,,"0",,
"1175","1","181","2012-04-28",,"0",,,"0",,
"1176","1","181","2012-09-22",,"0",,,"0",,
"1177","1","10","2012-01-28",,"0",,,"0",,
"1178","1","214","2012-08-16",,"0",,,"0",,
"1179","1","6","2012-02-15",,"0",,,"0",,
"1180","1","10","2012-09-14",,"0",,,"0",,
"1181","1","181","2012-04-27",,"0",,,"0",,
"1182","1","156","2012-03-05",,"0",,,"0",,
"1183","1","6","2012-02-14",,"0",,,"0",,
"1184","1","17","2012-06-17",,"0",,,"0",,
"1185","1","224","2012-01-11",,"0",,,"0",,
"1186","1","215","2012-05-28",,"0",,,"0",,
"1187","1","167","2012-06-03",,"0",,,"0",,
"1188","1","237","2012-08-03",,"0",,,"0",,
"1189","1","3","2012-02-25",,"0",,,"0",,
"1190","1","51","2012-10-28",,"0",,,"0",,
"1191","1","79","2012-09-06",,"0",,,"0",,
"1192","1","184","2012-10-06",,"0",,,"0",,
"1193","1","10","2013-01-01",,"0",,,"0",,
"1194","1","10","2013-05-05",,"0",,,"0",,
"1195","1","10","2013-09-06",,"0",,,"0",,
"1196","1","241","2012-12-03",,"0",,,"0",,
"1197","1","34","2013-07-03",,"0",,,"0",,
"1198","1","242","2013-10-10",,"0",,,"0",,
"1199","1","188","2013-03-07",,"0",,,"0",,
"1200","1","51","2013-01-05",,"0",,,"0",,
"1201","1","51","2013-06-02",,"0",,,"0",,
"1202","1","181","2013-05-26",,"0",,,"0",,
"1203","1","51","2013-02-03",,"0",,,"0",,
"1204","1","188","2013-07-17",,"0",,,"0",,
"1206","1","51","2013-01-06",,"0",,,"0",,
"1207","1","51","2013-02-15",,"0",,,"0",,
"1208","1","51","2013-05-05",,"0",,,"0",,
"1209","1","196","2013-08-14",,"0",,,"0",,
"1210","1","158","2013-03-12",,"0",,,"0",,
"1211","1","28","2013-04-10",,"0",,,"0",,
"1212","1","200","2013-09-13",,"0",,,"0",,
"1213","1","17","2013-06-16",,"0",,,"0",,
"1215","1","10","2013-01-10",,"0",,,"0",,
"1216","1","200","2013-09-14",,"0",,,"0",,
"1217","1","200","2013-10-20",,"0",,,"0",,
"1218","1","1","2014-11-23",,"0",,,"0",,
"1219","1","237","2013-03-17",,"0",,,"0",,
"1220","1","51","2013-01-20",,"0",,,"0",,
"1221","1","180","2014-03-16",,"0",,,"0",,
"1222","1","178","2013-02-20",,"0",,,"0",,
"1223","1","10","2014-04-17",,"0",,,"0",,
"1224","1","239","2013-04-13",,"0",,,"0",,
"1225","1","118","2013-09-06",,"0",,,"0",,
"1226","1","10","2014-09-06",,"0",,,"0",,
"1227","1","243","2013-08-03",,"0",,,"0",,
"1228","1","13","2013-03-30",,"0",,,"0",,
"1229","1","180","2014-06-14",,"0",,,"0",,
"1230","1","196","2014-09-14",,"0",,,"0",,
"1231","1","224","2013-01-27",,"0",,,"0",,
"1232","1","51","2013-12-24",,"0",,,"0",,
"1233","1","10","2014-11-07",,"0",,,"0",,
"1234","1","233","2013-01-09",,"0",,,"0",,
"1235","1","10","2014-09-12",,"0",,,"0",,
"1236","1","10","2014-10-27",,"0",,,"0",,
"1237","1","3","2013-03-11",,"0",,,"0",,
"1238","1","196","2014-05-01",,"0",,,"0",,
"1239","1","51","2014-03-23",,"0",,,"0",,
"1240","1","51","2014-01-01",,"0",,,"0",,
"1241","1","242","2014-10-07",,"0",,,"0",,
"1242","1","242","2014-10-08",,"0",,,"0",,
"1243","1","235","2014-05-04",,"0",,,"0",,
"1244","1","10","2014-03-06",,"0",,,"0",,
"1245","1","51","2014-02-09",,"0",,,"0",,
"1246","1","214","2014-06-15",,"0",,,"0",,
"1247","1","230","2014-10-04",,"0",,,"0",,
"1248","1","51","2014-02-06",,"0",,,"0",,
"1249","1","51","2014-02-07",,"0",,,"0",,
"1250","1","200","2014-04-01",,"0",,,"0",,
"1251","1","197","2014-12-04",,"0",,,"0",,
"1252","1","51","2014-05-27",,"0",,,"0",,
"1253","1","51","2014-05-14",,"0",,,"0",,
"1254","1","200","2014-11-03",,"0",,,"0",,
"1255","1","240","2014-09-18",,"0",,,"0",,
"1256","1","233","2014-01-04",,"0",,,"0",,
"1257","1","51","2014-05-25",,"0",,,"0",,
"1258","1","200","2014-12-05",,"0",,,"0",,
"1259","1","45","2014-11-23",,"0",,,"0",,
"1260","1","51","2015-12-30",,"0",,,"0",,
"1261","1","6","2015-01-07",,"0",,,"0",,
"1262","1","238","2015-11-29",,"0",,,"0",,
"1263","1","214","2015-01-22",,"0",,,"0",,
"1264","1","51","2015-01-08",,"0",,,"0",,
"1265","1","234","2015-01-11",,"0",,,"0",,
"1266","1","234","2014-01-03",,"0",,,"0",,
"1267","1","234","2015-01-03",,"0",,,"0",,
"1268","1","232","2015-01-04",,"0",,,"0",,
"1269","1","232","2015-01-01",,"0",,,"0",,
"1270","1","170","2014-05-30",,"0",,,"0",,
"1271","1","51","2015-03-08",,"0",,,"0",,
"1272","1","240","2015-02-08",,"0",,,"0",,
"1273","1","236","2014-07-18",,"0",,,"0",,
"1274","1","10","2015-02-08",,"0",,,"0",,
"1275","1","51","2014-04-13",,"0",,,"0",,
"1276","1","232","2014-01-30",,"0",,,"0",,
"1277","1","232","2015-02-01",,"0",,,"0",,
"1278","1","232","2015-02-03",,"0",,,"0",,
"1279","1","10","2016-01-01",,"0",,,"0",,
"1280","1","77","2016-09-10",,"0",,,"0",,
"1281","1","188","2016-04-17",,"0",,,"0",,
"1282","1","156","2016-02-27",,"0",,,"0",,
"1283","1","111","2016-10-10",,"0",,,"0",,
"1284","1","156","2016-02-13",,"0",,,"0",,
"1285","1","188","2016-05-07",,"0",,,"0",,
"1286","1","184","2016-04-09",,"0",,,"0",,
"1287","1","97","2016-06-01",,"0",,,"0",,
"1288","1","10","2017-01-08",,"0",,,"0",,
"1289","1","51","2016-01-10",,"0",,,"0",,
"1290","1","51","2017-01-01",,"0",,,"0",,
"1291","1","51","2016-01-07",,"0",,,"0",,
"1292","1","51","2017-01-07",,"0",,,"0",,
"1293","1","224","2016-01-15",,"0",,,"0",,
"1294","1","134","2016-07-20",,"0",,,"0",,
"1295","1","123","2016-06-18",,"0",,,"0",,
"1296","1","3","2016-06-18",,"0",,,"0",,
"1297","1","100","2016-05-25",,"0",,,"0",,
"1298","1","51","2016-05-08",,"0",,,"0",,
"1299","1","3","2016-05-04",,"0",,,"0",,
"1300","1","220","2016-12-31",,"0",,,"0",,
"1301","1","6","2014-01-07",,"0",,,"0",,
"1302","1","224","2017-01-15",,"0",,,"0",,
"1303","1","100","2017-01-12",,"0",,,"0",,
"1304","1","51","2017-01-29",,"0",,,"0",,
"1305","1","224","2017-01-05",,"0",,,"0",,
"1306","1","51","2017-01-30",,"0",,,"0",,
"1307","1","23","2017-02-08",,"0",,,"0",,
"1308","1","3","2017-01-05",,"0",,,"0",,
"1309","1","185","2015-05-05",,"0",,,"0",,"roadtrip m AL. nyc, washington dc, texas, california, oregon, seattle"
"1310","1","245","2012-03-30",,"0",,,"0",,
"1311","1","51","2017-02-16",,"0",,,"0",,
"1312","1","3","2017-03-01",,"0",,,"0",,
"1313","1","76","2017-03-05",,"0",,,"0",,
"1314","1","76","2017-03-06",,"0",,,"0",,
"1315","1","246","2013-12-05",,"0",,,"0",,
"1316","1","229","2017-03-22",,"0",,,"0",,
"1317","1","3","2017-03-23",,"0",,,"0",,
"1318","1","246","2013-12-06",,"0",,,"0",,
"1319","1","3","2017-03-25",,"0",,,"0",,
"1320","1","178","2015-03-20",,"0",,,"0",,
"1321","1","33","2017-04-08",,"0",,,"0",,
"1322","1","82","2017-04-09",,"0",,,"0",,
"1323","1","51","2017-04-20",,"0",,,"0",,
"1324","1","248","2017-05-03",,"0",,,"0",,
"1325","1","203","2017-05-09",,"0",,,"0",,
"1326","1","6","2017-05-11",,"0",,,"0",,
"1327","1","64","2017-05-11",,"0",,,"0",,
"1328","1","28","2017-05-13",,"0",,,"0",,
"1329","1","249","2017-05-13",,"0",,,"0",,
"1330","1","51","2017-05-13",,"0",,,"0",,
"1331","1","203","2017-05-14",,"0",,,"0",,
"1332","1","228","2017-05-14",,"0",,,"0",,
"1333","1","228","2017-05-15",,"0",,,"0",,
"1334","1","97","2017-05-28",,"0",,,"0",,
"1335","1","10","2017-06-04",,"0",,,"0",,
"1336","1","203","2017-06-20",,"0",,,"0",,
"1337","1","203","2015-05-05",,"0",,,"0",,
"1338","1","203","2016-05-22",,"0",,,"0",,
"1339","1","154","2017-06-26",,"0",,,"0",,
"1340","1","51","2017-06-26",,"0",,,"0",,
"1341","1","10","2017-08-02",,"0",,,"0",,
"2048","1","10","2017-08-18",,"0",,,"0",,
"2049","1","250","2017-08-10",,"0",,,"0",,"tur med Anne"
"2050","1","29","2017-08-25","w","5","no","1/8","20","11.00-16.00","Cykel fra Ishj st til marken "
"2051","1","243","2017-08-26","vnv","2","no","2/8","22","12.00-17.00","det rlige vrj-trf
lift m. Dorrit og Niels Krabbe"
"2052","1","203","2017-08-30",,"0",,,"0",,
"2053","1","203","2017-08-25",,"0",,,"0",,
"2054","1","203","2017-09-11","S","8",,"8/8","14",,
"2055","1","203","2017-09-21",,"0",,,"0",,"Morgenkaffe p bnken "
"2056","1","196","2017-10-06","n","8",,"1/8","12","11-14","p jagt efter sortbr alba, tog og cykel"
"2057","1","251","2017-10-14","v","4","stoevregn","8/8","12","15.30","efter arbejde"
"2058","1","10","2017-10-17",,"0",,,"0",,
"2059","1","203","2017-10-20",,"0",,,"0",,
"2060","1","3","2017-10-19",,"0",,,"0",,
"2061","1","203","2017-10-22",,"0",,,"0",,
"2062","1","51","2017-10-27",,"0",,,"0",,
"2063","1","10","2017-11-05",,"0",,,"0",,
"2064","1","46","2017-11-06",,"0",,,"0",,
"2180","3","188","2017-11-11","Ikke sat","0","0","Ikke sat","0",,
"2185","1","10","2017-11-15","Ikke sat","0","0","Ikke sat","0",,
"2206","2","188","2017-11-20","Ikke sat","0","0","Ikke sat","0",,
"2214","4","1","2017-11-24","Ikke sat","0","0","Ikke sat","0",,
"2215","1","203","2017-12-01","Ikke sat","0","0","Ikke sat","0",,
"2216","3","215","2007-01-15",,"0",,,"0",,
"2217","3","180","2007-03-16",,"0",,,"0",,
"2218","3","254","2007-04-10",,"0",,,"0",,
"2219","3","16","2007-04-10",,"0",,,"0",,
"2220","3","180","2007-04-25",,"0",,,"0",,
"2221","3","180","2007-05-07",,"0",,,"0",,
"2222","3","181","2007-05-13",,"0",,,"0",,
"2223","3","180","2007-06-04",,"0",,,"0",,
"2224","3","180","2007-06-29",,"0",,,"0",,
"2225","3","180","2007-07-09",,"0",,,"0",,
"2226","3","156","2007-08-01",,"0",,,"0",,
"2227","3","34","2007-08-25",,"0",,,"0",,
"2228","3","183","2007-09-20",,"0",,,"0",,
"2229","3","180","2007-09-25",,"0",,,"0",,
"2230","3","184","2007-10-06",,"0",,,"0",,
"2231","3","22","2008-01-01",,"0",,,"0",,
"2232","3","10","2008-01-10",,"0",,,"0",,
"2233","3","7","2008-01-10",,"0",,,"0",,
"2234","3","181","2008-01-26",,"0",,,"0",,
"2235","3","188","2008-01-27",,"0",,,"0",,
"2236","3","10","2008-02-03",,"0",,,"0",,
"2237","3","55","2008-02-10",,"0",,,"0",,
"2238","3","17","2008-02-12",,"0",,,"0",,
"2239","3","10","2008-02-17",,"0",,,"0",,
"2240","3","190","2008-02-24",,"0",,,"0",,
"2241","3","255","2008-02-28",,"0",,,"0",,
"2242","3","10","2008-03-02",,"0",,,"0",,
"2243","3","180","2008-03-09",,"0",,,"0",,
"2244","3","192","2008-03-21",,"0",,,"0",,
"2245","3","156","2008-04-15",,"0",,,"0",,
"2246","3","180","2008-04-18",,"0",,,"0",,
"2247","3","7","2008-04-19",,"0",,,"0",,
"2248","3","180","2008-04-20",,"0",,,"0",,
"2249","3","30","2008-04-24",,"0",,,"0",,
"2250","3","17","2008-04-25",,"0",,,"0",,
"2251","3","180","2008-04-26",,"0",,,"0",,
"2252","3","181","2008-04-26",,"0",,,"0",,
"2253","3","80","2008-05-01",,"0",,,"0",,
"2254","3","195","2008-05-24",,"0",,,"0",,
"2255","3","18","2008-06-07",,"0",,,"0",,
"2256","3","196","2008-06-08",,"0",,,"0",,
"2257","3","198","2008-08-02",,"0",,,"0",,
"2258","3","156","2008-09-05",,"0",,,"0",,
"2259","3","10","2008-09-06",,"0",,,"0",,
"2260","3","156","2008-09-11",,"0",,,"0",,
"2261","3","16","2008-09-26",,"0",,,"0",,
"2262","3","7","2008-09-29",,"0",,,"0",,
"2263","3","10","2008-10-07",,"0",,,"0",,
"2264","3","165","2008-10-11",,"0",,,"0",,
"2265","3","199","2008-11-12",,"0",,,"0",,
"2266","3","200","2008-12-20",,"0",,,"0",,
"2267","3","17","2008-12-26",,"0",,,"0",,
"2268","3","201","2009-01-01",,"0",,,"0",,
"2269","3","100","2009-01-04",,"0",,,"0",,
"2270","3","136","2009-01-10",,"0",,,"0",,
"2271","3","17","2009-01-11",,"0",,,"0",,
"2272","3","16","2009-01-18",,"0",,,"0",,
"2273","3","256","2009-01-18",,"0",,,"0",,
"2274","3","28","2009-01-20",,"0",,,"0",,
"2275","3","10","2009-01-25",,"0",,,"0",,
"2276","3","99","2009-01-26",,"0",,,"0",,
"2277","3","28","2009-01-26",,"0",,,"0",,
"2278","3","196","2009-01-26",,"0",,,"0",,
"2279","3","55","2009-02-15",,"0",,,"0",,
"2280","3","10","2009-03-07",,"0",,,"0",,
"2281","3","181","2009-03-10",,"0",,,"0",,
"2282","3","181","2009-03-14",,"0",,,"0",,
"2283","3","204","2009-03-15",,"0",,,"0",,
"2284","3","77","2009-04-25",,"0",,,"0",,
"2285","3","197","2009-05-16",,"0",,,"0",,
"2286","3","235","2009-05-23",,"0",,,"0",,
"2287","3","33","2009-06-06",,"0",,,"0",,
"2288","3","16","2009-06-25",,"0",,,"0",,
"2289","3","180","2009-07-19",,"0",,,"0",,
"2290","3","10","2009-07-19",,"0",,,"0",,
"2291","3","10","2009-07-20",,"0",,,"0",,
"2292","3","10","2009-07-26",,"0",,,"0",,
"2293","3","200","2009-08-02",,"0",,,"0",,
"2294","3","10","2009-08-03",,"0",,,"0",,
"2295","3","156","2009-08-03",,"0",,,"0",,
"2296","3","10","2009-08-21",,"0",,,"0",,
"2297","3","80","2009-08-22",,"0",,,"0",,
"2298","3","10","2009-08-22",,"0",,,"0",,
"2299","3","10","2009-08-31",,"0",,,"0",,
"2300","3","181","2009-10-05",,"0",,,"0",,
"2301","3","158","2009-10-14",,"0",,,"0",,
"2302","3","10","2010-01-01",,"0",,,"0",,
"2303","3","257","2010-01-27",,"0",,,"0",,
"2304","3","204","2010-02-02",,"0",,,"0",,
"2305","3","204","2010-02-04",,"0",,,"0",,
"2306","3","257","2010-02-10",,"0",,,"0",,
"2307","3","258","2010-02-11",,"0",,,"0",,
"2308","3","181","2010-02-11",,"0",,,"0",,
"2309","3","204","2010-02-11",,"0",,,"0",,
"2310","3","180","2010-02-12",,"0",,,"0",,
"2311","3","196","2010-02-12",,"0",,,"0",,
"2312","3","259","2010-02-12",,"0",,,"0",,
"2313","3","196","2010-02-13",,"0",,,"0",,
"2314","3","204","2010-02-13",,"0",,,"0",,
"2315","3","204","2010-02-14",,"0",,,"0",,
"2316","3","223","2010-02-20",,"0",,,"0",,
"2317","3","37","2010-02-20",,"0",,,"0",,
"2318","3","55","2010-02-21",,"0",,,"0",,
"2319","3","258","2010-02-22",,"0",,,"0",,
"2320","3","55","2010-02-22",,"0",,,"0",,
"2321","3","258","2010-02-24",,"0",,,"0",,
"2322","3","196","2010-02-26",,"0",,,"0",,
"2323","3","260","2010-02-28",,"0",,,"0",,
"2324","3","10","2010-02-28",,"0",,,"0",,
"2325","3","261","2010-03-02",,"0",,,"0",,
"2326","3","204","2010-03-04",,"0",,,"0",,
"2327","3","33","2010-03-06",,"0",,,"0",,
"2328","3","99","2010-03-10",,"0",,,"0",,
"2329","3","181","2010-03-12",,"0",,,"0",,
"2330","3","1","2010-03-15",,"0",,,"0",,
"2331","3","230","2010-03-15",,"0",,,"0",,
"2332","3","204","2010-03-17",,"0",,,"0",,
"2333","3","28","2010-03-21",,"0",,,"0",,
"2334","3","258","2010-03-23",,"0",,,"0",,
"2335","3","262","2010-04-01",,"0",,,"0",,
"2336","3","204","2010-04-08",,"0",,,"0",,
"2337","3","200","2010-04-10",,"0",,,"0",,
"2338","3","263","2010-04-18",,"0",,,"0",,
"2339","3","27","2010-04-26",,"0",,,"0",,
"2340","3","264","2010-05-25",,"0",,,"0",,
"2341","3","85","2010-05-27",,"0",,,"0",,
"2342","3","34","2010-06-12",,"0",,,"0",,
"2343","3","10","2010-06-12",,"0",,,"0",,
"2344","3","156","2010-07-28",,"0",,,"0",,
"2345","3","10","2010-08-12",,"0",,,"0",,
"2346","3","85","2010-09-14",,"0",,,"0",,
"2347","3","1","2010-09-19",,"0",,,"0",,
"2348","3","6","2010-09-19",,"0",,,"0",,
"2349","3","51","2010-12-04",,"0",,,"0",,
"2350","3","51","2011-01-01",,"0",,,"0",,
"2351","3","10","2011-01-02",,"0",,,"0",,
"2352","3","51","2011-01-07",,"0",,,"0",,
"2353","3","221","2011-01-09",,"0",,,"0",,
"2354","3","265","2011-01-09",,"0",,,"0",,
"2355","3","17","2011-01-14",,"0",,,"0",,
"2356","3","222","2011-01-20",,"0",,,"0",,
"2357","3","51","2011-02-12",,"0",,,"0",,
"2358","3","51","2011-02-13",,"0",,,"0",,
"2359","3","224","2011-02-19",,"0",,,"0",,
"2360","3","221","2011-02-19",,"0",,,"0",,
"2361","3","17","2011-03-10",,"0",,,"0",,
"2362","3","51","2011-03-12",,"0",,,"0",,
"2363","3","265","2011-03-13",,"0",,,"0",,
"2364","3","3","2011-03-18",,"0",,,"0",,
"2365","3","51","2011-03-27",,"0",,,"0",,
"2366","3","33","2011-03-29",,"0",,,"0",,
"2367","3","184","2011-04-03",,"0",,,"0",,
"2368","3","266","2011-04-12",,"0",,,"0",,
"2369","3","215","2011-04-17",,"0",,,"0",,
"2370","3","51","2011-05-02",,"0",,,"0",,
"2371","3","235","2011-05-07",,"0",,,"0",,
"2372","3","87","2011-05-21",,"0",,,"0",,
"2373","3","10","2011-05-22",,"0",,,"0",,
"2374","3","197","2011-05-27",,"0",,,"0",,
"2375","3","149","2011-05-29",,"0",,,"0",,
"2376","3","3","2011-06-03",,"0",,,"0",,
"2377","3","85","2011-06-03",,"0",,,"0",,
"2378","3","28","2011-06-07",,"0",,,"0",,
"2379","3","200","2011-06-07",,"0",,,"0",,
"2380","3","240","2011-06-07",,"0",,,"0",,
"2381","3","1","2011-06-16",,"0",,,"0",,
"2382","3","215","2011-06-26",,"0",,,"0",,
"2383","3","10","2011-07-27",,"0",,,"0",,
"2384","3","58","2011-08-05",,"0",,,"0",,
"2385","3","45","2011-08-14",,"0",,,"0",,
"2386","3","45","2011-08-19",,"0",,,"0",,
"2387","3","156","2011-08-29",,"0",,,"0",,
"2388","3","197","2011-09-06",,"0",,,"0",,
"2389","3","28","2011-09-11",,"0",,,"0",,
"2390","3","156","2011-09-13",,"0",,,"0",,
"2391","3","215","2011-09-26",,"0",,,"0",,
"2392","3","230","2011-10-06",,"0",,,"0",,
"2393","3","267","2011-10-06",,"0",,,"0",,
"2394","3","13","2011-11-11",,"0",,,"0",,
"2395","3","268","2011-11-12",,"0",,,"0",,
"2396","3","200","2011-11-17",,"0",,,"0",,
"2397","3","158","2011-12-25",,"0",,,"0",,
"2398","3","51","2012-01-01",,"0",,,"0",,
"2399","3","51","2012-01-06",,"0",,,"0",,
"2400","3","224","2012-01-11",,"0",,,"0",,
"2401","3","51","2012-01-14",,"0",,,"0",,
"2402","3","13","2012-01-15",,"0",,,"0",,
"2403","3","51","2012-01-15",,"0",,,"0",,
"2404","3","10","2012-01-28",,"0",,,"0",,
"2405","3","51","2012-02-10",,"0",,,"0",,
"2406","3","6","2012-02-14",,"0",,,"0",,
"2407","3","51","2012-02-14",,"0",,,"0",,
"2408","3","6","2012-02-15",,"0",,,"0",,
"2409","3","3","2012-02-25",,"0",,,"0",,
"2410","3","156","2012-03-05",,"0",,,"0",,
"2411","3","51","2012-03-10",,"0",,,"0",,
"2412","3","181","2012-04-27",,"0",,,"0",,
"2413","3","181","2012-04-28",,"0",,,"0",,
"2414","3","235","2012-05-06",,"0",,,"0",,
"2415","3","51","2012-05-09",,"0",,,"0",,
"2416","3","51","2012-05-27",,"0",,,"0",,
"2417","3","215","2012-05-28",,"0",,,"0",,
"2418","3","167","2012-06-03",,"0",,,"0",,
"2419","3","17","2012-06-17",,"0",,,"0",,
"2420","3","10","2012-06-21",,"0",,,"0",,
"2421","3","180","2012-07-08",,"0",,,"0",,
"2422","3","237","2012-08-03",,"0",,,"0",,
"2423","3","258","2012-08-16",,"0",,,"0",,
"2424","3","79","2012-09-06",,"0",,,"0",,
"2425","3","10","2012-09-14",,"0",,,"0",,
"2426","3","181","2012-09-22",,"0",,,"0",,
"2427","3","242","2012-10-05",,"0",,,"0",,
"2428","3","184","2012-10-06",,"0",,,"0",,
"2429","3","51","2012-10-28",,"0",,,"0",,
"2430","3","241","2012-12-03",,"0",,,"0",,
"2431","3","10","2013-01-01",,"0",,,"0",,
"2432","3","51","2013-01-05",,"0",,,"0",,
"2433","3","51","2013-01-06",,"0",,,"0",,
"2434","3","233","2013-01-09",,"0",,,"0",,
"2435","3","10","2013-01-10",,"0",,,"0",,
"2436","3","269","2013-01-20",,"0",,,"0",,
"2437","3","224","2013-01-27",,"0",,,"0",,
"2438","3","51","2013-02-03",,"0",,,"0",,
"2439","3","51","2013-02-15",,"0",,,"0",,
"2440","3","178","2013-02-20",,"0",,,"0",,
"2441","3","188","2013-03-07",,"0",,,"0",,
"2442","3","3","2013-03-11",,"0",,,"0",,
"2443","3","158","2013-03-12",,"0",,,"0",,
"2444","3","180","2013-03-16",,"0",,,"0",,
"2445","3","270","2013-03-17",,"0",,,"0",,
"2446","3","13","2013-03-30",,"0",,,"0",,
"2447","3","28","2013-04-10",,"0",,,"0",,
"2448","3","239","2013-04-13",,"0",,,"0",,
"2449","3","10","2013-05-05",,"0",,,"0",,
"2450","3","51","2013-05-05",,"0",,,"0",,
"2451","3","181","2013-05-26",,"0",,,"0",,
"2452","3","51","2013-06-02",,"0",,,"0",,
"2453","3","180","2013-06-04",,"0",,,"0",,
"2454","3","17","2013-06-16",,"0",,,"0",,
"2455","3","34","2013-07-03",,"0",,,"0",,
"2456","3","188","2013-07-17",,"0",,,"0",,
"2457","3","243","2013-08-03",,"0",,,"0",,
"2458","3","196","2013-08-14",,"0",,,"0",,
"2459","3","10","2013-09-06",,"0",,,"0",,
"2460","3","118","2013-09-06",,"0",,,"0",,
"2461","3","10","2013-09-07",,"0",,,"0",,
"2462","3","10","2013-09-08",,"0",,,"0",,
"2463","3","200","2013-09-13",,"0",,,"0",,
"2464","3","200","2013-09-14",,"0",,,"0",,
"2465","3","242","2013-10-10",,"0",,,"0",,
"2466","3","200","2013-10-20",,"0",,,"0",,
"2467","3","271","2013-12-24",,"0",,,"0",,
"2468","3","272","2014-01-01",,"0",,,"0",,
"2469","3","234","2014-01-03",,"0",,,"0",,
"2470","3","233","2014-01-04",,"0",,,"0",,
"2471","3","6","2014-01-07",,"0",,,"0",,
"2472","3","6","2014-01-08",,"0",,,"0",,
"2473","3","6","2014-01-09",,"0",,,"0",,
"2474","3","6","2014-01-10",,"0",,,"0",,
"2475","3","6","2014-01-11",,"0",,,"0",,
"2476","3","6","2014-01-12",,"0",,,"0",,
"2477","3","6","2014-01-13",,"0",,,"0",,
"2478","3","6","2014-01-14",,"0",,,"0",,
"2479","3","6","2014-01-15",,"0",,,"0",,
"2480","3","6","2014-01-16",,"0",,,"0",,
"2481","3","6","2014-01-17",,"0",,,"0",,
"2482","3","6","2014-01-18",,"0",,,"0",,
"2483","3","6","2014-01-19",,"0",,,"0",,
"2484","3","6","2014-01-20",,"0",,,"0",,
"2485","3","6","2014-01-21",,"0",,,"0",,
"2486","3","6","2014-01-22",,"0",,,"0",,
"2487","3","6","2014-01-23",,"0",,,"0",,
"2488","3","6","2014-01-24",,"0",,,"0",,
"2489","3","6","2014-01-25",,"0",,,"0",,
"2490","3","6","2014-01-26",,"0",,,"0",,
"2491","3","6","2014-01-27",,"0",,,"0",,
"2492","3","6","2014-01-28",,"0",,,"0",,
"2493","3","273","2014-01-30",,"0",,,"0",,
"2494","3","51","2014-02-06",,"0",,,"0",,
"2495","3","51","2014-02-07",,"0",,,"0",,
"2496","3","51","2014-02-09",,"0",,,"0",,
"2497","3","274","2014-03-06",,"0",,,"0",,
"2498","3","180","2014-03-16",,"0",,,"0",,
"2499","3","51","2014-03-23",,"0",,,"0",,
"2500","3","200","2014-04-01",,"0",,,"0",,
"2501","3","275","2014-04-13",,"0",,,"0",,
"2502","3","10","2014-04-17",,"0",,,"0",,
"2503","3","196","2014-05-01",,"0",,,"0",,
"2504","3","235","2014-05-04",,"0",,,"0",,
"2505","3","51","2014-05-14",,"0",,,"0",,
"2506","3","51","2014-05-25",,"0",,,"0",,
"2507","3","51","2014-05-27",,"0",,,"0",,
"2508","3","170","2014-05-30",,"0",,,"0",,
"2509","3","180","2014-06-14",,"0",,,"0",,
"2510","3","258","2014-06-15",,"0",,,"0",,
"2511","3","276","2014-07-18",,"0",,,"0",,
"2512","3","10","2014-09-06",,"0",,,"0",,
"2513","3","10","2014-09-12",,"0",,,"0",,
"2514","3","196","2014-09-14",,"0",,,"0",,
"2515","3","240","2014-09-18",,"0",,,"0",,
"2516","3","230","2014-10-04",,"0",,,"0",,
"2517","3","242","2014-10-07",,"0",,,"0",,
"2518","3","242","2014-10-08",,"0",,,"0",,
"2519","3","10","2014-10-27",,"0",,,"0",,
"2520","3","200","2014-11-03",,"0",,,"0",,
"2521","3","10","2014-11-07",,"0",,,"0",,
"2522","3","1","2014-11-23",,"0",,,"0",,
"2523","3","45","2014-11-23",,"0",,,"0",,
"2524","3","197","2014-12-04",,"0",,,"0",,
"2525","3","200","2014-12-05",,"0",,,"0",,
"2526","3","273","2015-01-01",,"0",,,"0",,
"2527","3","234","2015-01-03",,"0",,,"0",,
"2528","3","273","2015-01-04",,"0",,,"0",,
"2529","3","6","2015-01-07",,"0",,,"0",,
"2530","3","51","2015-01-08",,"0",,,"0",,
"2531","3","234","2015-01-11",,"0",,,"0",,
"2532","3","277","2015-01-22",,"0",,,"0",,
"2533","3","273","2015-02-01",,"0",,,"0",,
"2534","3","273","2015-02-03",,"0",,,"0",,
"2535","3","10","2015-02-08",,"0",,,"0",,
"2536","3","240","2015-02-08",,"0",,,"0",,
"2537","3","51","2015-03-08",,"0",,,"0",,
"2538","3","278","2015-11-29",,"0",,,"0",,
"2539","3","262","2015-12-30",,"0",,,"0",,
"2540","3","10","2016-01-01",,"0",,,"0",,
"2541","3","51","2016-01-07",,"0",,,"0",,
"2542","3","51","2016-01-10",,"0",,,"0",,
"2543","3","224","2016-01-15",,"0",,,"0",,
"2544","3","156","2016-02-13",,"0",,,"0",,
"2545","3","156","2016-02-27",,"0",,,"0",,
"2546","3","184","2016-04-09",,"0",,,"0",,
"2547","3","188","2016-04-17",,"0",,,"0",,
"2548","3","3","2016-05-04",,"0",,,"0",,
"2549","3","188","2016-05-07",,"0",,,"0",,
"2550","3","51","2016-05-08",,"0",,,"0",,
"2551","3","279","2016-05-25",,"0",,,"0",,
"2552","3","97","2016-06-01",,"0",,,"0",,
"2553","3","3","2016-06-18",,"0",,,"0",,
"2554","3","134","2016-07-20",,"0",,,"0",,
"2555","3","77","2016-09-10",,"0",,,"0",,
"2556","3","111","2016-10-10",,"0",,,"0",,
"2557","3","280","2016-12-31",,"0",,,"0",,
"2558","3","51","2017-01-01",,"0",,,"0",,
"2559","3","224","2017-01-05",,"0",,,"0",,
"2560","3","51","2017-01-07",,"0",,,"0",,
"2561","3","10","2017-01-08",,"0",,,"0",,
"2562","3","279","2017-01-12",,"0",,,"0",,
"2563","3","224","2017-01-15",,"0",,,"0",,
"2564","3","51","2017-01-29",,"0",,,"0",,
"2565","3","51","2017-01-30",,"0",,,"0",,
"2566","3","23","2017-02-09",,"0",,,"0",,
"2567","3","281","2017-03-22",,"0",,,"0",,
"2568","3","10","2017-04-10",,"0",,,"0",,
"2569","3","82","2017-04-10",,"0",,,"0",,
"2570","3","235","2017-05-16",,"0",,,"0",,
"2571","3","235","2017-05-17",,"0",,,"0",,
"2572","3","97","2017-05-30",,"0",,,"0",,
"2573","3","154","2017-06-25",,"0",,,"0",,
"2574","3","200","2017-07-29",,"0",,,"0",,
"2575","3","10","2017-08-04",,"0",,,"0",,
"2576","3","243","2017-08-26",,"0",,,"0",,
"2577","3","243","2017-08-27",,"0",,,"0",,
"2578","3","196","2017-11-01",,"0",,,"0",,
"2727","1","285","2017-12-21","Ikke sat","0","0","Ikke sat","0",,
"2728","1","46","2017-12-27","Ikke sat","0","0","Ikke sat","0",,
"2729","1","203","2017-12-31","Ikke sat","0","0","Ikke sat","0",,
"2730","1","203","2018-01-01","Ikke sat","0","0","Ikke sat","0",,
"2731","1","51","2018-01-01","Ikke sat","0","0","Ikke sat","0",,
"2733","1","246","2018-01-10",,"0",,,"0",,"tur med dof.
med p turen var

Leon - turleder
Claus - sambo
Leif  - mexico
Anders
Bodil og Bengt
Inger og Leif
Tove og Sten
Bjarne og Helen
undertegnede"
"2734","1","203","2018-01-22",,"0",,,"0",,
"2735","1","51","2018-01-27","Ikke sat","0","0","Ikke sat","0",,
"2736","3","51","2018-01-27","Ikke sat","0","0","Ikke sat","0",,
"2737","1","3","2018-01-26",,"0",,,"0",,"Centret "
"2738","1","203","2018-02-09",,"0",,,"0",,
"2740","1","51","2018-02-10",,"0",,,"0",,"med Oluf, Mette og Christian

Niv / niverd / stenholt - solbjerg - ple/arres - frvrk lystbdehavn - slager - lyns - hollse - helsingr nordhavn"
"2741","2","246","2018-02-16",,"0",,,"0",,
"2742","1","51","2018-02-17",,"0",,,"0",,"m. AL"
"2743","1","203","2018-02-17",,"0",,,"0",,
"2744","1","33","2018-02-18",,"0",,,"0",,"Niv, Ishj, Havstokken, Frb Have, Sndermarken "
"2745","1","3","2018-02-20",,"0",,,"0",,
"2746","1","64","2018-03-04",,"0",,,"0",,
"2747","1","203","2018-02-25",,"0",,,"0",,
"2748","1","82","2018-03-11",,"0",,,"0",,
"2749","1","203","2018-03-19",,"0",,,"0",,
"2750","1","17","2018-03-25",,"0",,,"0",,
"2752","1","203","2018-03-26",,"0",,,"0",,
"2758","1","203","2018-03-29",,"0",,,"0",,
"2759","1","48","2018-04-02",,"0",,,"0",,
"2760","1","203","2018-04-04",,"0",,,"0",,"trane
70+40+24+23+22+14+20"
"2761","1","203","2018-04-05",,"0",,,"0",,
"2762","1","3","2018-04-05",,"0",,,"0",,
"2764","1","203","2018-04-06",,"0",,,"0",,
"2765","1","51","2018-04-07",,"0",,,"0",,"gilbjerg - solbjerg - strdam"
"2766","1","27","2018-04-08",,"0",,,"0",,
"2767","1","203","2018-04-12",,"0",,,"0",,
"2768","1","203","2018-04-15",,"0",,,"0",,
"2770","1","203","2018-04-16",,"0",,,"0",,
"2772","1","286","2018-04-19",,"0",,,"0",,
"2773","1","203","2018-04-19",,"0",,,"0",,
"2774","1","64","2018-04-23",,"0",,,"0",,
"2775","1","203","2018-04-28",,"0",,,"0",,
"2776","1","51","2018-04-28",,"0",,,"0",,"espergrde-gurre s-hellebk-helsingr nordhavn"
"2777","1","51","2018-04-29",,"0",,,"0",,"espergrde-humlebk-niv-langstrup-dagelkke-hjem"
"2778","1","17","2018-05-02",,"0",,,"0",,"Ishj og det inddmmede"
"2779","1","249","2018-05-06",,"0",,,"0",,
"2780","1","203","2018-05-07",,"0",,,"0",,
"2781","1","6","2018-05-07",,"0",,,"0",,"Scandlines "
"2782","1","203","2018-05-08",,"0",,,"0",,
"2783","1","228","2018-05-11",,"0",,,"0",,
"2784","1","203","2018-05-15",,"0",,,"0",,
"2785","1","203","2018-05-25",,"0",,,"0",,
"2786","1","203","2018-05-26",,"0",,,"0",,
"2787","1","97","2018-05-29",,"0",,,"0",,"Ank 28.5.afg 31.5"
"2789","1","203","2018-06-15",,"0",,,"0",,
"2791","1","22","2018-07-08",,"0",,,"0",,
"2792","1","203","2018-07-10",,"0",,,"0",,
"2793","1","287","2018-07-21",,"0",,,"0",,"Torsten degrd.   "
"2794","1","203","2018-08-02",,"0",,,"0",,
"2795","1","243","2018-08-04",,"0",,,"0",,
"2796","1","12","2018-08-26",,"0",,,"0",,"p jagt efter lapugle m rrdam."
"2797","1","80","2018-10-13",,"0",,,"0",,"Min fdselsdagsgave fra Oluf "
"2798","1","80","2018-10-14",,"0",,,"0",,"samme tur - incl serne"
"2799","1","29","2018-10-10",,"0",,,"0",,"vi skulle alligevel p Arken"
"2800","1","242","2018-10-21",,"0",,,"0",,"Den traditionelle til Ballum og omegn "
"2802","1","199","2018-11-21",,"0",,,"0",,"dof-tur til salalah og omegn"
"2803","1","203","2018-11-29",,"0",,,"0",,
"2804","1","201","2019-01-01",,"0",,,"0",,"tog til fredensborg - cykle til niv - humlebk - espergrde"
"2805","1","203","2019-01-03",,"0",,,"0",,
"2806","1","224","2019-01-04",,"0",,,"0",,
"2809","3","224","2019-01-05",,"0",,,"0",,"Skovskade
Tyrkerdue"
"2811","1","6","2019-01-12",,"0",,,"0",,"nordhavnen"
"2812","1","3","2019-01-19",,"0",,,"0",,
"2813","1","203","2019-01-21",,"0",,,"0",,
"2814","1","289","2019-01-31",,"0",,,"0",,"I og omkring Hostel Mostros "
"2815","1","289","2019-02-01",,"0",,,"0",,"Ved Stillehavet og i hostallets have "
"2816","1","288","2019-02-02",,"0",,,"0",,
"2817","1","288","2019-02-03",,"0",,,"0",,"Sidste dag med Saul
"
"2818","1","289","2019-02-04",,"0",,,"0",,"Mest metropolitan park"
"2819","1","289","2019-02-05",,"0",,,"0",,"
Turisttur"
"2820","1","296","2019-02-06",,"0",,,"0",,"Med bus og gben "
"2821","1","296","2019-02-07",,"0",,,"0",,
"2822","1","296","2019-02-08",,"0",,,"0",,
"2823","1","296","2019-02-09",,"0",,,"0",,"Rejsen med tre busser til Boquete "
"2824","1","291","2019-02-10",,"0",,,"0",,"Mest i haven og omegnen af det dejlige hotel - Finca Lerida "
"2825","1","291","2019-02-11",,"0",,,"0",,"Finca lerida "
"2826","1","291","2019-02-12",,"0",,,"0",,"Frst lidt lusk i byen.
Dernst lusk p Pipeline med guide "
"2827","1","292","2019-02-13",,"0",,,"0",,"Bus og bd fra Boquete "
"2828","1","292","2019-02-14",,"0",,,"0",,"Kratlusk bla til et vandreservoir"
"2829","1","292","2019-02-15",,"0",,,"0",,
"2830","1","292","2019-02-16",,"0",,,"0",,
"2831","1","292","2019-02-17",,"0",,,"0",,"S ogs sm sort-gule frer. "
"2832","1","51","2019-03-03",,"0",,,"0",,
"2833","1","203","2019-03-08",,"0",,,"0",,
"2834","1","51","2019-03-10",,"0",,,"0",,"rlige rundtur - 10 deltagere."
"2835","1","298","2019-03-12",,"0",,,"0",,
"2836","1","224","2019-03-17",,"0",,,"0",,
"2837","1","298","2019-03-18",,"0",,,"0",,
"2838","1","203","2019-03-19",,"0",,,"0",,
"2839","1","203","2019-03-20",,"0",,,"0",,
"2840","1","45","2019-03-20",,"0",,,"0",,"Hessemoseomrdet. Tur m dof nordsj ca 35 deltagere"
"2841","1","29","2019-03-24",,"0",,,"0",,"Og holmes.
Cykeltur fra Brndby strand til Ishj igennem strandparken. "
"2842","1","203","2019-03-29",,"0",,,"0",,
"2843","1","203","2019-04-05",,"0",,,"0",,
"2844","1","203","2019-04-06",,"0",,,"0",,
"2845","1","51","2019-04-18",,"0",,,"0",,"Cykeltur bla favrholm, hollse, melby "
"2846","1","203","2019-04-22",,"0",,,"0",,
"2847","1","64","2019-04-17",,"0",,,"0",,
"2848","1","3","2019-04-23",,"0",,,"0",,
"2849","1","203","2019-04-23",,"0",,,"0",,
"2850","1","299","2019-05-03",,"0",,,"0",,
"2851","1","300","2019-05-07",,"0",,,"0",,
"2852","1","301","2019-05-10",,"0",,,"0",,
"2853","1","302","2019-05-12",,"0",,,"0",,
"2854","1","10","2019-04-28",,"0",,,"0",,
"2855","1","203","2019-04-30",,"0",,,"0",,
"2857","6","206","2019-05-09",,"0",,,"0",,"Fugle:
"
"2858","6","206","2019-05-09",,"0",,,"0",,
"2859","1","58","2019-05-13",,"0",,,"0",,
"2860","1","51","2019-05-16",,"0",,,"0",,"G-mt-tog til Hg
Nordhavnen /kronborg.
Retur p cykel. "
"2861","1","3","2019-05-17",,"0",,,"0",,
"2865","1","17","2019-05-23",,"0",,,"0",,"dr-byen"
"2866","1","203","2019-05-24",,"0",,,"0",,
"2867","1","97","2019-05-29",,"0",,,"0",,
"2868","1","203","2019-06-07",,"0",,,"0",,
"2869","1","303","2019-06-11",,"0",,,"0",,
"2870","1","45","2019-06-30",,"0",,,"0",,"Hessemoseomrdet "
"2871","1","51","2019-07-03",,"0",,,"0",,"Hessemoseomrdet og Gilbjerg "
"2872","1","13","2019-07-28",,"0",,,"0",,
"2873","1","58","2019-08-06",,"0",,,"0",,
"2874","1","10","2019-08-22",,"0",,,"0",,"Cykel. Mange folk og ikke mindst vadere"
"2875","1","80","2019-09-07",,"0",,,"0",,
"2876","1","203","2019-09-19",,"0",,,"0",,
"2877","1","184","2019-09-27",,"0",,,"0",,
"2878","1","203","2019-10-03",,"0",,,"0",,
"2879","1","203","2019-10-10",,"0",,,"0",,
"2880","1","203","2019-10-15",,"0",,,"0",,
"2881","1","51","2019-11-10",,"0",,,"0",,"Cykel og tog til Dyssekilde og retur "
"2882","1","132","2019-11-30",,"0",,,"0",,
"2884","1","181","2019-12-08",,"0",,,"0",,"AL's mos og kogletur"
"2885","1","224","2020-01-01",,"0",,,"0",,
"2886","1","298","2020-01-03",,"0",,,"0",,
"2887","1","203","2020-01-04",,"0",,,"0",,
"2889","1","224","2020-01-05",,"0",,,"0",,
"2891","1","203","2020-01-07",,"0",,,"0",,
"2892","1","51","2020-01-08",,"0",,,"0",,
"2893","1","3","2020-01-10",,"0",,,"0",,
"2894","1","203","2020-01-09",,"0",,,"0",,
"2895","1","51","2020-01-19",,"0",,,"0",,"Helsingr, Hellebk og Hornbk "
"2896","1","51","2020-01-29",,"0",,,"0",,"


"
"2897","1","203","2020-01-31",,"0",,,"0",,
"2898","1","10","2020-02-03",,"0",,,"0",,
"2899","1","51","2020-02-06",,"0",,,"0",,"Rekon fr fugletur p lrdag.
Rgeleje, hollse, solbjerg, strdam favrholm, langstrup, niv"
"2900","1","51","2020-02-08",,"0",,,"0",,"runndtur m venner, familie, kolleger"
"2901","1","51","2020-02-15",,"0",,,"0",,
"2902","1","17","2020-02-16",,"0",,,"0",,
"2903","1","51","2020-02-27",,"0",,,"0",,"Esrum, klostermarksvej, hellebk"
"2904","1","64","2020-03-08",,"0",,,"0",,
"2905","1","51","2020-03-17",,"0",,,"0",,"Hessemose og klostermarksvej m ulrik"
"2906","1","203","2020-03-17",,"0",,,"0",,
"2907","1","54","2020-03-19",,"0",,,"0",,
"2908","1","51","2020-03-19",,"0",,,"0",,"Bgeholm og kldefabrikken"
"2909","1","51","2020-03-21",,"0",,,"0",,"Favrholm, grse"
"2910","1","203","2020-03-21",,"0",,,"0",,
"2911","1","203","2020-03-23",,"0",,,"0",,
"2912","1","203","2020-03-24",,"0",,,"0",,
"2913","1","87","2020-03-24",,"0",,,"0",,
"2914","1","51","2020-03-26",,"0",,,"0",,"Nordhavnen, stenholt, Gribskov, solbjerg
"
"2915","1","29","2020-03-28",,"0",,,"0",,"P jagt efter rdhalset gs "
"2916","1","51","2020-03-30",,"0",,,"0",,"tur m Oluf til Frederikssund, Sels, Solbjerg og Esrum"
"2917","1","220","2020-04-02",,"0",,,"0",,
"2918","1","207","2020-04-04",,"0",,,"0",,
"2919","1","220","2020-04-05",,"0",,,"0",,
"2921","1","3","2020-04-07",,"0",,,"0",,
"2922","1","51","2020-04-07",,"0",,,"0",,"cykeltur m oluf"
